TimeStamp,dt,ax,ay,az,vx,vy,vz,ax,ay,az
1643026906.9144323,0.015,0.0,0.0,0.0,0.0,0.0,0.0,0.0,0.0,0.0
1643026906.9210417,0.015,0.0,0.0,0.0,0.0,0.0,0.0,0.0,0.0,0.0
1643026906.9276595,0.015,0.0,0.0,0.0,0.0,0.0,0.0,0.0,0.0,0.0
1643026906.9343638,0.015,0.0,0.0,0.0,0.0,0.0,0.0,0.0,0.0,0.0
1643026906.940185,0.015,0.0,0.0,0.0,0.0,0.0,0.0,0.0,0.0,0.0
1643026906.945989,0.015,0.0,0.0,0.0,0.0,0.0,0.0,0.0,0.0,0.0
1643026906.9517426,0.015,0.0,0.0,0.0,0.0,0.0,0.0,0.0,0.0,0.0
1643026906.9579928,0.015,0.0,0.0,0.0,0.0,0.0,0.0,0.0,0.0,0.0
1643026906.9647818,0.015,0.0,0.0,0.0,0.0,0.0,0.0,0.0,0.0,0.0
1643026906.9715254,0.015,0.0,0.0,0.0,0.0,0.0,0.0,0.0,0.0,0.0
1643026906.978534,0.015,0.0,0.0,0.0,0.0,0.0,0.0,0.0,0.0,0.0
1643026906.9857736,0.015,0.0,0.0,0.0,0.0,0.0,0.0,0.0,0.0,0.0
1643026906.9921489,0.015,0.0,0.0,0.0,0.0,0.0,0.0,0.0,0.0,0.0
1643026906.9983957,0.015,0.0,0.0,0.0,0.0,0.0,0.0,0.0,0.0,0.0
1643026907.0049872,0.015,0.0,0.0,0.0,0.0,0.0,0.0,0.0,0.0,0.0
1643026907.0115473,0.015,0.0,0.0,0.0,0.0,0.0,0.0,0.0,0.0,0.0
1643026907.0184772,0.015,0.0,0.0,0.0,0.0,0.0,0.0,0.0,0.0,0.0
1643026907.025026,0.015,0.0,0.0,0.0,0.0,0.0,0.0,0.0,0.0,0.0
1643026907.0316522,0.015,0.0,0.0,0.0,0.0,0.0,0.0,0.0,0.0,0.0
1643026907.0383728,0.015,0.0,0.0,0.0,0.0,0.0,0.0,0.0,0.0,0.0
1643026907.04418,0.015,0.0,0.0,0.0,0.0,0.0,0.0,0.0,0.0,0.0
1643026907.0504987,0.015,0.0,0.0,0.0,0.0,0.0,0.0,0.0,0.0,0.0
1643026907.0570488,0.015,0.0,0.0,0.0,0.0,0.0,0.0,0.0,0.0,0.0
1643026907.0635781,0.015,0.0,0.0,0.0,0.0,0.0,0.0,0.0,0.0,0.0
1643026907.0705147,0.015,0.0,0.0,0.0,0.0,0.0,0.0,0.0,0.0,0.0
1643026907.0768926,0.015,0.0,0.0,0.0,0.0,0.0,0.0,0.0,0.0,0.0
1643026907.0832243,0.015,0.0,0.0,0.0,0.0,0.0,0.0,0.0,0.0,0.0
1643026907.090296,0.015,0.0,0.0,0.0,0.0,0.0,0.0,0.0,0.0,0.0
1643026907.0965953,0.015,0.0,0.0,0.0,0.0,0.0,0.0,0.0,0.0,0.0
1643026907.1025336,0.015,0.0,0.0,0.0,0.0,0.0,0.0,0.0,0.0,0.0
1643026907.1084633,0.015,0.0,0.0,0.0,0.0,0.0,0.0,0.0,0.0,0.0
1643026907.1146278,0.015,0.0,0.0,0.0,0.0,0.0,0.0,0.0,0.0,0.0
1643026907.121167,0.015,0.0,0.0,0.0,0.0,0.0,0.0,0.0,0.0,0.0
1643026907.127676,0.015,0.0,0.0,0.0,0.0,0.0,0.0,0.0,0.0,0.0
1643026907.1345837,0.015,0.0,0.0,0.0,0.0,0.0,0.0,0.0,0.0,0.0
1643026907.1409192,0.015,0.0,0.0,0.0,0.0,0.0,0.0,0.0,0.0,0.0
1643026907.1474004,0.015,0.0,0.0,0.0,0.0,0.0,0.0,0.0,0.0,0.0
1643026907.1540718,0.015,0.0,0.0,0.0,0.0,0.0,0.0,0.0,0.0,0.0
1643026907.1597893,0.015,0.0,0.0,0.0,0.0,0.0,0.0,0.0,0.0,0.0
1643026907.1652827,0.015,0.0,0.0,0.0,0.0,0.0,0.0,0.0,0.0,0.0
1643026907.1706216,0.015,0.0,0.0,0.0,0.0,0.0,0.0,0.0,0.0,0.0
1643026907.1759973,0.015,0.0,0.0,0.0,0.0,0.0,0.0,0.0,0.0,0.0
1643026907.181227,0.015,0.0,0.0,0.0,0.0,0.0,0.0,0.0,0.0,0.0
1643026907.1865406,0.015,0.0,0.0,0.0,0.0,0.0,0.0,0.0,0.0,0.0
1643026907.1918957,0.015,0.0,0.0,0.0,0.0,0.0,0.0,0.0,0.0,0.0
1643026907.1972628,0.015,0.0,0.0,0.0,0.0,0.0,0.0,0.0,0.0,0.0
1643026907.2027998,0.015,0.0,0.0,0.0,0.0,0.0,0.0,0.0,0.0,0.0
1643026907.2080421,0.015,0.0,0.0,0.0,0.0,0.0,0.0,0.0,0.0,0.0
1643026907.2133534,0.015,0.0,0.0,0.0,0.0,0.0,0.0,0.0,0.0,0.0
1643026907.2186484,0.015,0.0,0.0,0.0,0.0,0.0,0.0,0.0,0.0,0.0
1643026907.2240074,0.015,0.0,0.0,0.0,0.0,0.0,0.0,0.0,0.0,0.0
1643026907.2293265,0.015,0.0,0.0,0.0,0.0,0.0,0.0,0.0,0.0,0.0
1643026907.2346516,0.015,0.0,0.0,0.0,0.0,0.0,0.0,0.0,0.0,0.0
1643026907.2399688,0.015,0.0,0.0,0.0,0.0,0.0,0.0,0.0,0.0,0.0
1643026907.245214,0.015,0.0,0.0,0.0,0.0,0.0,0.0,0.0,0.0,0.0
1643026907.250526,0.015,0.0,0.0,0.0,0.0,0.0,0.0,0.0,0.0,0.0
1643026907.2558599,0.015,0.0,0.0,0.0,0.0,0.0,0.0,0.0,0.0,0.0
1643026907.2611034,0.015,0.0,0.0,0.0,0.0,0.0,0.0,0.0,0.0,0.0
1643026907.2663474,0.015,0.0,0.0,0.0,0.0,0.0,0.0,0.0,0.0,0.0
1643026907.2716677,0.015,0.0,0.0,0.0,0.0,0.0,0.0,0.0,0.0,0.0
1643026907.2769759,0.015,0.0,0.0,0.0,0.0,0.0,0.0,0.0,0.0,0.0
1643026907.2822504,0.015,0.0,0.0,0.0,0.0,0.0,0.0,0.0,0.0,0.0
1643026907.287574,0.015,0.0,0.0,0.0,0.0,0.0,0.0,0.0,0.0,0.0
1643026907.2928562,0.015,0.0,0.0,0.0,0.0,0.0,0.0,0.0,0.0,0.0
1643026907.2980583,0.015,0.0,0.0,0.0,0.0,0.0,0.0,0.0,0.0,0.0
1643026907.3033626,0.015,0.0,0.0,0.0,0.0,0.0,0.0,0.0,0.0,0.0
1643026907.3085392,0.015,0.0,0.0,0.0,0.0,0.0,0.0,0.0,0.0,0.0
1643026907.3138058,0.015,0.0,0.0,0.0,0.0,0.0,0.0,0.0,0.0,0.0
1643026907.3190975,0.015,0.0,0.0,0.0,0.0,0.0,0.0,0.0,0.0,0.0
1643026907.324298,0.015,0.0,0.0,0.0,0.0,0.0,0.0,0.0,0.0,0.0
1643026907.329503,0.015,0.0,0.0,0.0,0.0,0.0,0.0,0.0,0.0,0.0
1643026907.3348455,0.015,0.0,0.0,0.0,0.0,0.0,0.0,0.0,0.0,0.0
1643026907.3402438,0.015,0.0,0.0,0.0,0.0,0.0,0.0,0.0,0.0,0.0
1643026907.3456004,0.015,0.0,0.0,0.0,0.0,0.0,0.0,0.0,0.0,0.0
1643026907.3509278,0.015,0.0,0.0,0.0,0.0,0.0,0.0,0.0,0.0,0.0
1643026907.3564923,0.015,0.0,0.0,0.0,0.0,0.0,0.0,0.0,0.0,0.0
1643026907.3620584,0.015,0.0,0.0,0.0,0.0,0.0,0.0,0.0,0.0,0.0
1643026907.3674352,0.015,0.0,0.0,0.0,0.0,0.0,0.0,0.0,0.0,0.0
1643026907.3728256,0.015,0.0,0.0,0.0,0.0,0.0,0.0,0.0,0.0,0.0
1643026907.3780868,0.015,0.0,0.0,0.0,0.0,0.0,0.0,0.0,0.0,0.0
1643026907.3834896,0.015,0.0,0.0,0.0,0.0,0.0,0.0,0.0,0.0,0.0
1643026907.3887444,0.015,0.0,0.0,0.0,0.0,0.0,0.0,0.0,0.0,0.0
1643026907.3940187,0.015,0.0,0.0,0.0,0.0,0.0,0.0,0.0,0.0,0.0
1643026907.399296,0.015,0.0,0.0,0.0,0.0,0.0,0.0,0.0,0.0,0.0
1643026907.4045653,0.015,0.0,0.0,0.0,0.0,0.0,0.0,0.0,0.0,0.0
1643026907.4098284,0.015,0.0,0.0,0.0,0.0,0.0,0.0,0.0,0.0,0.0
1643026907.415352,0.015,0.0,0.0,0.0,0.0,0.0,0.0,0.0,0.0,0.0
1643026907.420661,0.015,0.0,0.0,0.0,0.0,0.0,0.0,0.0,0.0,0.0
1643026907.4259248,0.015,0.0,0.0,0.0,0.0,0.0,0.0,0.0,0.0,0.0
1643026907.433027,0.015,0.0,0.0,0.0,0.0,0.0,0.0,0.0,0.0,0.0
1643026907.4391582,0.015,0.0,0.0,0.0,0.0,0.0,0.0,0.0,0.0,0.0
1643026907.4449077,0.015,0.0,0.0,0.0,0.0,0.0,0.0,0.0,0.0,0.0
1643026907.4515584,0.015,0.0,0.0,0.0,0.0,0.0,0.0,0.0,0.0,0.0
1643026907.4572132,0.015,0.0,0.0,0.0,0.0,0.0,0.0,0.0,0.0,0.0
1643026907.462578,0.015,0.0,0.0,0.0,0.0,0.0,0.0,0.0,0.0,0.0
1643026907.4694643,0.015,0.0,0.0,0.0,0.0,0.0,0.0,0.0,0.0,0.0
1643026907.4753041,0.015,0.0,0.0,0.0,0.0,0.0,0.0,0.0,0.0,0.0
1643026907.4808428,0.015,0.0,0.0,0.0,0.0,0.0,0.0,0.0,0.0,0.0
1643026907.4864042,0.015,0.0,0.0,0.0,0.0,0.0,0.0,0.0,0.0,0.0
1643026907.4920487,0.015,0.0,0.0,0.0,0.0,0.0,0.0,0.0,0.0,0.0
1643026907.4973638,0.015,0.0,0.0,0.0,0.0,0.0,0.0,0.0,0.0,0.0
1643026907.502673,0.015,0.0,0.0,0.0,0.0,0.0,0.0,0.0,0.0,0.0
1643026907.5079327,0.015,0.0,0.0,0.0,0.0,0.0,0.0,0.0,0.0,0.0
1643026907.513176,0.015,0.0,0.0,0.0,0.0,0.0,0.0,0.0,0.0,0.0
1643026907.5184624,0.015,0.0,0.0,0.0,0.0,0.0,0.0,0.0,0.0,0.0
1643026907.5236878,0.015,0.0,0.0,0.0,0.0,0.0,0.0,0.0,0.0,0.0
1643026907.528943,0.015,0.0,0.0,0.0,0.0,0.0,0.0,0.0,0.0,0.0
1643026907.5342188,0.015,0.0,0.0,0.0,0.0,0.0,0.0,0.0,0.0,0.0
1643026907.5394566,0.015,0.0,0.0,0.0,0.0,0.0,0.0,0.0,0.0,0.0
1643026907.5447216,0.015,0.0,0.0,0.0,0.0,0.0,0.0,0.0,0.0,0.0
1643026907.550021,0.015,0.0,0.0,0.0,0.0,0.0,0.0,0.0,0.0,0.0
1643026907.55532,0.015,0.0,0.0,0.0,0.0,0.0,0.0,0.0,0.0,0.0
1643026907.5606515,0.015,0.0,0.0,0.0,0.0,0.0,0.0,0.0,0.0,0.0
1643026907.565989,0.015,0.0,0.0,0.0,0.0,0.0,0.0,0.0,0.0,0.0
1643026907.5712845,0.015,0.0,0.0,0.0,0.0,0.0,0.0,0.0,0.0,0.0
1643026907.5766199,0.015,0.0,0.0,0.0,0.0,0.0,0.0,0.0,0.0,0.0
1643026907.582142,0.015,0.0,0.0,0.0,0.0,0.0,0.0,0.0,0.0,0.0
1643026907.5877948,0.015,0.0,0.0,0.0,0.0,0.0,0.0,0.0,0.0,0.0
1643026907.5945363,0.015,0.0,0.0,0.0,0.0,0.0,0.0,0.0,0.0,0.0
1643026907.5999217,0.015,0.0,0.0,0.0,0.0,0.0,0.0,0.0,0.0,0.0
1643026907.6052988,0.015,0.0,0.0,0.0,0.0,0.0,0.0,0.0,0.0,0.0
1643026907.610555,0.015,0.0,0.0,0.0,0.0,0.0,0.0,0.0,0.0,0.0
1643026907.6158028,0.015,0.0,0.0,0.0,0.0,0.0,0.0,0.0,0.0,0.0
1643026907.6210952,0.015,0.0,0.0,0.0,0.0,0.0,0.0,0.0,0.0,0.0
1643026907.6287096,0.015,0.0,0.0,0.0,0.0,0.0,0.0,0.0,0.0,0.0
1643026907.6359751,0.015,0.0,0.0,0.0,0.0,0.0,0.0,0.0,0.0,0.0
1643026907.6412926,0.015,0.0,0.0,0.0,0.0,0.0,0.0,0.0,0.0,0.0
1643026907.6466033,0.015,0.0,0.0,0.0,0.0,0.0,0.0,0.0,0.0,0.0
1643026907.651893,0.015,0.0,0.0,0.0,0.0,0.0,0.0,0.0,0.0,0.0
1643026907.6571686,0.015,0.0,0.0,0.0,0.0,0.0,0.0,0.0,0.0,0.0
1643026907.6624498,0.015,0.0,0.0,0.0,0.0,0.0,0.0,0.0,0.0,0.0
1643026907.6677144,0.015,0.0,0.0,0.0,0.0,0.0,0.0,0.0,0.0,0.0
1643026907.673098,0.015,0.0,0.0,0.0,0.0,0.0,0.0,0.0,0.0,0.0
1643026907.678389,0.015,0.0,0.0,0.0,0.0,0.0,0.0,0.0,0.0,0.0
1643026907.683695,0.015,0.0,0.0,0.0,0.0,0.0,0.0,0.0,0.0,0.0
1643026907.6889746,0.015,0.0,0.0,0.0,0.0,0.0,0.0,0.0,0.0,0.0
1643026907.6942902,0.015,0.0,0.0,0.0,0.0,0.0,0.0,0.0,0.0,0.0
1643026907.6996465,0.015,0.0,0.0,0.0,0.0,0.0,0.0,0.0,0.0,0.0
1643026907.7050145,0.015,0.0,0.0,0.0,0.0,0.0,0.0,0.0,0.0,0.0
1643026907.7103956,0.015,0.0,0.0,0.0,0.0,0.0,0.0,0.0,0.0,0.0
1643026907.7157776,0.015,0.0,0.0,0.0,0.0,0.0,0.0,0.0,0.0,0.0
1643026907.7212515,0.015,0.0,0.0,0.0,0.0,0.0,0.0,0.0,0.0,0.0
1643026907.7267458,0.015,0.0,0.0,0.0,0.0,0.0,0.0,0.0,0.0,0.0
1643026907.7321694,0.015,0.0,0.0,0.0,0.0,0.0,0.0,0.0,0.0,0.0
1643026907.7375402,0.015,0.0,0.0,0.0,0.0,0.0,0.0,0.0,0.0,0.0
1643026907.7429078,0.015,0.0,0.0,0.0,0.0,0.0,0.0,0.0,0.0,0.0
1643026907.7483187,0.015,0.0,0.0,0.0,0.0,0.0,0.0,0.0,0.0,0.0
1643026907.75395,0.015,0.0,0.0,0.0,0.0,0.0,0.0,0.0,0.0,0.0
1643026907.7595003,0.015,0.0,0.0,0.0,0.0,0.0,0.0,0.0,0.0,0.0
1643026907.7649822,0.015,0.0,0.0,0.0,0.0,0.0,0.0,0.0,0.0,0.0
1643026907.770664,0.015,0.0,0.0,0.0,0.0,0.0,0.0,0.0,0.0,0.0
1643026907.7762835,0.015,0.0,0.0,0.0,0.0,0.0,0.0,0.0,0.0,0.0
1643026907.7818387,0.015,0.0,0.0,0.0,0.0,0.0,0.0,0.0,0.0,0.0
1643026907.787654,0.015,0.0,0.0,0.0,0.0,0.0,0.0,0.0,0.0,0.0
1643026907.7934864,0.015,0.0,0.0,0.0,0.0,0.0,0.0,0.0,0.0,0.0
1643026907.7989073,0.015,0.0,0.0,0.0,0.0,0.0,0.0,0.0,0.0,0.0
1643026907.804192,0.015,0.0,0.0,0.0,0.0,0.0,0.0,0.0,0.0,0.0
1643026907.8094394,0.015,0.0,0.0,0.0,0.0,0.0,0.0,0.0,0.0,0.0
1643026907.814715,0.015,0.0,0.0,0.0,0.0,0.0,0.0,0.0,0.0,0.0
1643026907.8200505,0.015,0.0,0.0,0.0,0.0,0.0,0.0,0.0,0.0,0.0
1643026907.8253162,0.015,0.0,0.0,0.0,0.0,0.0,0.0,0.0,0.0,0.0
1643026907.8306785,0.015,0.0,0.0,0.0,0.0,0.0,0.0,0.0,0.0,0.0
1643026907.8360436,0.015,0.0,0.0,0.0,0.0,0.0,0.0,0.0,0.0,0.0
1643026907.8412888,0.015,0.0,0.0,0.0,0.0,0.0,0.0,0.0,0.0,0.0
1643026907.8465822,0.015,0.0,0.0,0.0,0.0,0.0,0.0,0.0,0.0,0.0
1643026907.8519049,0.015,0.0,0.0,0.0,0.0,0.0,0.0,0.0,0.0,0.0
1643026907.8573046,0.015,0.0,0.0,0.0,0.0,0.0,0.0,0.0,0.0,0.0
1643026907.8626757,0.015,0.0,0.0,0.0,0.0,0.0,0.0,0.0,0.0,0.0
1643026907.8679786,0.015,0.0,0.0,0.0,0.0,0.0,0.0,0.0,0.0,0.0
1643026907.8732874,0.015,0.0,0.0,0.0,0.0,0.0,0.0,0.0,0.0,0.0
1643026907.8807511,0.015,0.0,0.0,0.0,0.0,0.0,0.0,0.0,0.0,0.0
1643026907.8883667,0.015,0.0,0.0,0.0,0.0,0.0,0.0,0.0,0.0,0.0
1643026907.8938925,0.015,0.0,0.0,0.0,0.0,0.0,0.0,0.0,0.0,0.0
1643026907.8997374,0.015,0.0,0.0,0.0,0.0,0.0,0.0,0.0,0.0,0.0
1643026907.905559,0.015,0.0,0.0,0.0,0.0,0.0,0.0,0.0,0.0,0.0
1643026907.9111836,0.015,0.0,0.0,0.0,0.0,0.0,0.0,0.0,0.0,0.0
1643026907.9168336,0.015,0.0,0.0,0.0,0.0,0.0,0.0,0.0,0.0,0.0
1643026907.9225206,0.015,0.0,0.0,0.0,0.0,0.0,0.0,0.0,0.0,0.0
1643026907.9283254,0.015,0.0,0.0,0.0,0.0,0.0,0.0,0.0,0.0,0.0
1643026907.9342835,0.015,0.0,0.0,0.0,0.0,0.0,0.0,0.0,0.0,0.0
1643026907.940236,0.015,0.0,0.0,0.0,0.0,0.0,0.0,0.0,0.0,0.0
1643026907.946068,0.015,0.0,0.0,0.0,0.0,0.0,0.0,0.0,0.0,0.0
1643026907.9517763,0.015,0.0,0.0,0.0,0.0,0.0,0.0,0.0,0.0,0.0
1643026907.957679,0.015,0.0,0.0,0.0,0.0,0.0,0.0,0.0,0.0,0.0
1643026907.963427,0.015,0.0,0.0,0.0,0.0,0.0,0.0,0.0,0.0,0.0
1643026907.9690046,0.015,0.0,0.0,0.0,0.0,0.0,0.0,0.0,0.0,0.0
1643026907.9745295,0.015,0.0,0.0,0.0,0.0,0.0,0.0,0.0,0.0,0.0
1643026907.9802248,0.015,0.0,0.0,0.0,0.0,0.0,0.0,0.0,0.0,0.0
1643026907.9864123,0.015,0.0,0.0,0.0,0.0,0.0,0.0,0.0,0.0,0.0
1643026907.992548,0.015,0.0,0.0,0.0,0.0,0.0,0.0,0.0,0.0,0.0
1643026907.9981768,0.015,0.0,0.0,0.0,0.0,0.0,0.0,0.0,0.0,0.0
1643026908.0038075,0.015,0.0,0.0,0.0,0.0,0.0,0.0,0.0,0.0,0.0
1643026908.0095167,0.015,0.0,0.0,0.0,0.0,0.0,0.0,0.0,0.0,0.0
1643026908.0150797,0.015,0.0,0.0,0.0,0.0,0.0,0.0,0.0,0.0,0.0
1643026908.0206592,0.015,0.0,0.0,0.0,0.0,0.0,0.0,0.0,0.0,0.0
1643026908.0261993,0.015,0.0,0.0,0.0,0.0,0.0,0.0,0.0,0.0,0.0
1643026908.0317173,0.015,0.0,0.0,0.0,0.0,0.0,0.0,0.0,0.0,0.0
1643026908.0374336,0.015,0.0,0.0,0.0,0.0,0.0,0.0,0.0,0.0,0.0
1643026908.042957,0.015,0.0,0.0,0.0,0.0,0.0,0.0,0.0,0.0,0.0
1643026908.0487423,0.015,0.0,0.0,0.0,0.0,0.0,0.0,0.0,0.0,0.0
1643026908.054511,0.015,0.0,0.0,0.0,0.0,0.0,0.0,0.0,0.0,0.0
1643026908.0604458,0.015,0.0,0.0,0.0,0.0,0.0,0.0,0.0,0.0,0.0
1643026908.066351,0.015,0.0,0.0,0.0,0.0,0.0,0.0,0.0,0.0,0.0
1643026908.072289,0.015,0.0,0.0,0.0,0.0,0.0,0.0,0.0,0.0,0.0
1643026908.0780854,0.015,0.0,0.0,0.0,0.0,0.0,0.0,0.0,0.0,0.0
1643026908.0840168,0.015,0.0,0.0,0.0,0.0,0.0,0.0,0.0,0.0,0.0
1643026908.089813,0.015,0.0,0.0,0.0,0.0,0.0,0.0,0.0,0.0,0.0
1643026908.0957313,0.015,0.0,0.0,0.0,0.0,0.0,0.0,0.0,0.0,0.0
1643026908.1018717,0.015,0.0,0.0,0.0,0.0,0.0,0.0,0.0,0.0,0.0
1643026908.1077864,0.015,0.0,0.0,0.0,0.0,0.0,0.0,0.0,0.0,0.0
1643026908.1137974,0.015,0.0,0.0,0.0,0.0,0.0,0.0,0.0,0.0,0.0
1643026908.1195588,0.015,0.0,0.0,0.0,0.0,0.0,0.0,0.0,0.0,0.0
1643026908.1257472,0.015,0.0,0.0,0.0,0.0,0.0,0.0,0.0,0.0,0.0
1643026908.1317673,0.015,0.0,0.0,0.0,0.0,0.0,0.0,0.0,0.0,0.0
1643026908.1383388,0.015,0.0,0.0,0.0,0.0,0.0,0.0,0.0,0.0,0.0
1643026908.1444216,0.015,0.0,0.0,0.0,0.0,0.0,0.0,0.0,0.0,0.0
1643026908.1508405,0.015,0.0,0.0,0.0,0.0,0.0,0.0,0.0,0.0,0.0
1643026908.15688,0.015,0.0,0.0,0.0,0.0,0.0,0.0,0.0,0.0,0.0
1643026908.1627233,0.015,0.0,0.0,0.0,0.0,0.0,0.0,0.0,0.0,0.0
1643026908.1684837,0.015,0.0,0.0,0.0,0.0,0.0,0.0,0.0,0.0,0.0
1643026908.1742973,0.015,0.0,0.0,0.0,0.0,0.0,0.0,0.0,0.0,0.0
1643026908.1802044,0.015,0.0,0.0,0.0,0.0,0.0,0.0,0.0,0.0,0.0
1643026908.1861043,0.015,0.0,0.0,0.0,0.0,0.0,0.0,0.0,0.0,0.0
1643026908.1920297,0.015,0.0,0.0,0.0,0.0,0.0,0.0,0.0,0.0,0.0
1643026908.1978946,0.015,0.0,0.0,0.0,0.0,0.0,0.0,0.0,0.0,0.0
1643026908.2036653,0.015,0.0,0.0,0.0,0.0,0.0,0.0,0.0,0.0,0.0
1643026908.2094574,0.015,0.0,0.0,0.0,0.0,0.0,0.0,0.0,0.0,0.0
1643026908.2151814,0.015,0.0,0.0,0.0,0.0,0.0,0.0,0.0,0.0,0.0
1643026908.2209675,0.015,0.0,0.0,0.0,0.0,0.0,0.0,0.0,0.0,0.0
1643026908.2268589,0.015,0.0,0.0,0.0,0.0,0.0,0.0,0.0,0.0,0.0
1643026908.2327702,0.015,0.0,0.0,0.0,0.0,0.0,0.0,0.0,0.0,0.0
1643026908.23843,0.015,0.0,0.0,0.0,0.0,0.0,0.0,0.0,0.0,0.0
1643026908.2442877,0.015,0.0,0.0,0.0,0.0,0.0,0.0,0.0,0.0,0.0
1643026908.2501447,0.015,0.0,0.0,0.0,0.0,0.0,0.0,0.0,0.0,0.0
1643026908.2559402,0.015,0.0,0.0,0.0,0.0,0.0,0.0,0.0,0.0,0.0
1643026908.2617648,0.015,0.0,0.0,0.0,0.0,0.0,0.0,0.0,0.0,0.0
1643026908.2681334,0.015,0.0,0.0,0.0,0.0,0.0,0.0,0.0,0.0,0.0
1643026908.2747395,0.015,0.0,0.0,0.0,0.0,0.0,0.0,0.0,0.0,0.0
1643026908.2813468,0.015,0.0,0.0,0.0,0.0,0.0,0.0,0.0,0.0,0.0
1643026908.2883792,0.015,0.0,0.0,0.0,0.0,0.0,0.0,0.0,0.0,0.0
1643026908.2949355,0.015,0.0,0.0,0.0,0.0,0.0,0.0,0.0,0.0,0.0
1643026908.3015277,0.015,0.0,0.0,0.0,0.0,0.0,0.0,0.0,0.0,0.0
1643026908.3081307,0.015,0.0,0.0,0.0,0.0,0.0,0.0,0.0,0.0,0.0
1643026908.3148556,0.015,0.0,0.0,0.0,0.0,0.0,0.0,0.0,0.0,0.0
1643026908.3216112,0.015,0.0,0.0,0.0,0.0,0.0,0.0,0.0,0.0,0.0
1643026908.328212,0.015,0.0,0.0,0.0,0.0,0.0,0.0,0.0,0.0,0.0
1643026908.3347518,0.015,0.0,0.0,0.0,0.0,0.0,0.0,0.0,0.0,0.0
1643026908.3413074,0.015,0.0,0.0,0.0,0.0,0.0,0.0,0.0,0.0,0.0
1643026908.348173,0.015,0.0,0.0,0.0,0.0,0.0,0.0,0.0,0.0,0.0
1643026908.3547747,0.015,0.0,0.0,0.0,0.0,0.0,0.0,0.0,0.0,0.0
1643026908.3609247,0.015,0.0,0.0,0.0,0.0,0.0,0.0,0.0,0.0,0.0
1643026908.3667853,0.015,0.0,0.0,0.0,0.0,0.0,0.0,0.0,0.0,0.0
1643026908.3731,0.015,0.0,0.0,0.0,0.0,0.0,0.0,0.0,0.0,0.0
1643026908.3793933,0.015,0.0,0.0,0.0,0.0,0.0,0.0,0.0,0.0,0.0
1643026908.3861635,0.015,0.0,0.0,0.0,0.0,0.0,0.0,0.0,0.0,0.0
1643026908.3924792,0.015,0.0,0.0,0.0,0.0,0.0,0.0,0.0,0.0,0.0
1643026908.3987958,0.015,0.0,0.0,0.0,0.0,0.0,0.0,0.0,0.0,0.0
1643026908.405248,0.015,0.0,0.0,0.0,0.0,0.0,0.0,0.0,0.0,0.0
1643026908.4115381,0.015,0.0,0.0,0.0,0.0,0.0,0.0,0.0,0.0,0.0
1643026908.4175456,0.015,0.0,0.0,0.0,0.0,0.0,0.0,0.0,0.0,0.0
1643026908.423485,0.015,0.0,0.0,0.0,0.0,0.0,0.0,0.0,0.0,0.0
1643026908.4300296,0.015,0.0,0.0,0.0,0.0,0.0,0.0,0.0,0.0,0.0
1643026908.4363573,0.015,0.0,0.0,0.0,0.0,0.0,0.0,0.0,0.0,0.0
1643026908.4425137,0.015,0.0,0.0,0.0,0.0,0.0,0.0,0.0,0.0,0.0
1643026908.448377,0.015,0.0,0.0,0.0,0.0,0.0,0.0,0.0,0.0,0.0
1643026908.4548953,0.015,0.0,0.0,0.0,0.0,0.0,0.0,0.0,0.0,0.0
1643026908.4607444,0.015,0.0,0.0,0.0,0.0,0.0,0.0,0.0,0.0,0.0
1643026908.466611,0.015,0.0,0.0,0.0,0.0,0.0,0.0,0.0,0.0,0.0
1643026908.4725869,0.015,0.0,0.0,0.0,0.0,0.0,0.0,0.0,0.0,0.0
1643026908.4785042,0.015,0.0,0.0,0.0,0.0,0.0,0.0,0.0,0.0,0.0
1643026908.4844291,0.015,0.0,0.0,0.0,0.0,0.0,0.0,0.0,0.0,0.0
1643026908.4901533,0.015,0.0,0.0,0.0,0.0,0.0,0.0,0.0,0.0,0.0
1643026908.4966197,0.015,0.0,0.0,0.0,0.0,0.0,0.0,0.0,0.0,0.0
1643026908.5031085,0.015,0.0,0.0,0.0,0.0,0.0,0.0,0.0,0.0,0.0
1643026908.5098097,0.015,0.0,0.0,0.0,0.0,0.0,0.0,0.0,0.0,0.0
1643026908.5160396,0.015,0.0,0.0,0.0,0.0,0.0,0.0,0.0,0.0,0.0
1643026908.5216606,0.015,0.0,0.0,0.0,0.0,0.0,0.0,0.0,0.0,0.0
1643026908.5270152,0.015,0.0,0.0,0.0,0.0,0.0,0.0,0.0,0.0,0.0
1643026908.532389,0.015,0.0,0.0,0.0,0.0,0.0,0.0,0.0,0.0,0.0
1643026908.538266,0.015,0.0,0.0,0.0,0.0,0.0,0.0,0.0,0.0,0.0
1643026908.5441196,0.015,0.0,0.0,0.0,0.0,0.0,0.0,0.0,0.0,0.0
1643026908.550022,0.015,0.0,0.0,0.0,0.0,0.0,0.0,0.0,0.0,0.0
1643026908.5559938,0.015,0.0,0.0,0.0,0.0,0.0,0.0,0.0,0.0,0.0
1643026908.5619226,0.015,0.0,0.0,0.0,0.0,0.0,0.0,0.0,0.0,0.0
1643026908.5680745,0.015,0.0,0.0,0.0,0.0,0.0,0.0,0.0,0.0,0.0
1643026908.5740292,0.015,0.0,0.0,0.0,0.0,0.0,0.0,0.0,0.0,0.0
1643026908.5800836,0.015,0.0,0.0,0.0,0.0,0.0,0.0,0.0,0.0,0.0
1643026908.5858958,0.015,0.0,0.0,0.0,0.0,0.0,0.0,0.0,0.0,0.0
1643026908.5918121,0.015,0.0,0.0,0.0,0.0,0.0,0.0,0.0,0.0,0.0
1643026908.597879,0.015,0.0,0.0,0.0,0.0,0.0,0.0,0.0,0.0,0.0
1643026908.6037602,0.015,0.0,0.0,0.0,0.0,0.0,0.0,0.0,0.0,0.0
1643026908.6098344,0.015,0.0,0.0,0.0,0.0,0.0,0.0,0.0,0.0,0.0
1643026908.6157527,0.015,0.0,0.0,0.0,0.0,0.0,0.0,0.0,0.0,0.0
1643026908.6218174,0.015,0.0,0.0,0.0,0.0,0.0,0.0,0.0,0.0,0.0
1643026908.6275985,0.015,0.0,0.0,0.0,0.0,0.0,0.0,0.0,0.0,0.0
1643026908.6335611,0.015,0.0,0.0,0.0,0.0,0.0,0.0,0.0,0.0,0.0
1643026908.639369,0.015,0.0,0.0,0.0,0.0,0.0,0.0,0.0,0.0,0.0
1643026908.6454227,0.015,0.0,0.0,0.0,0.0,0.0,0.0,0.0,0.0,0.0
1643026908.6517956,0.015,0.0,0.0,0.0,0.0,0.0,0.0,0.0,0.0,0.0
1643026908.658662,0.015,0.0,0.0,0.0,0.0,0.0,0.0,0.0,0.0,0.0
1643026908.665047,0.015,0.0,0.0,0.0,0.0,0.0,0.0,0.0,0.0,0.0
1643026908.6712039,0.015,0.0,0.0,0.0,0.0,0.0,0.0,0.0,0.0,0.0
1643026908.678264,0.015,0.0,0.0,0.0,0.0,0.0,0.0,0.0,0.0,0.0
1643026908.6845975,0.015,0.0,0.0,0.0,0.0,0.0,0.0,0.0,0.0,0.0
1643026908.6908813,0.015,0.0,0.0,0.0,0.0,0.0,0.0,0.0,0.0,0.0
1643026908.6973622,0.015,0.0,0.0,0.0,0.0,0.0,0.0,0.0,0.0,0.0
1643026908.7042418,0.015,0.0,0.0,0.0,0.0,0.0,0.0,0.0,0.0,0.0
1643026908.7109985,0.015,0.0,0.0,0.0,0.0,0.0,0.0,0.0,0.0,0.0
1643026908.7179146,0.015,0.0,0.0,0.0,0.0,0.0,0.0,0.0,0.0,0.0
1643026908.7244742,0.015,0.0,0.0,0.0,0.0,0.0,0.0,0.0,0.0,0.0
1643026908.7310376,0.015,0.0,0.0,0.0,0.0,0.0,0.0,0.0,0.0,0.0
1643026908.7382588,0.015,0.0,0.0,0.0,0.0,0.0,0.0,0.0,0.0,0.0
1643026908.7445846,0.015,0.0,0.0,0.0,0.0,0.0,0.0,0.0,0.0,0.0
1643026908.7504966,0.015,0.0,0.0,0.0,0.0,0.0,0.0,0.0,0.0,0.0
1643026908.756417,0.015,0.0,0.0,0.0,0.0,0.0,0.0,0.0,0.0,0.0
1643026908.7626672,0.015,0.0,0.0,0.0,0.0,0.0,0.0,0.0,0.0,0.0
1643026908.7692666,0.015,0.0,0.0,0.0,0.0,0.0,0.0,0.0,0.0,0.0
1643026908.7756639,0.015,0.0,0.0,0.0,0.0,0.0,0.0,0.0,0.0,0.0
1643026908.7841733,0.015,0.0,0.0,0.0,0.0,0.0,0.0,0.0,0.0,0.0
1643026908.790019,0.015,0.0,0.0,0.0,0.0,0.0,0.0,0.0,0.0,0.0
1643026908.795741,0.015,0.0,0.0,0.0,0.0,0.0,0.0,0.0,0.0,0.0
1643026908.8017738,0.015,0.0,0.0,0.0,0.0,0.0,0.0,0.0,0.0,0.0
1643026908.8077066,0.015,0.0,0.0,0.0,0.0,0.0,0.0,0.0,0.0,0.0
1643026908.8135986,0.015,0.0,0.0,0.0,0.0,0.0,0.0,0.0,0.0,0.0
1643026908.8196993,0.015,0.0,0.0,0.0,0.0,0.0,0.0,0.0,0.0,0.0
1643026908.8266327,0.015,0.0,0.0,0.0,0.0,0.0,0.0,0.0,0.0,0.0
1643026908.8332024,0.015,0.0,0.0,0.0,0.0,0.0,0.0,0.0,0.0,0.0
1643026908.839738,0.015,0.0,0.0,0.0,0.0,0.0,0.0,0.0,0.0,0.0
1643026908.8463526,0.015,0.0,0.0,0.0,0.0,0.0,0.0,0.0,0.0,0.0
1643026908.852266,0.015,0.0,0.0,0.0,0.0,0.0,0.0,0.0,0.0,0.0
1643026908.858161,0.015,0.0,0.0,0.0,0.0,0.0,0.0,0.0,0.0,0.0
1643026908.8642838,0.015,0.0,0.0,0.0,0.0,0.0,0.0,0.0,0.0,0.0
1643026908.870319,0.015,0.0,0.0,0.0,0.0,0.0,0.0,0.0,0.0,0.0
1643026908.8764222,0.015,0.0,0.0,0.0,0.0,0.0,0.0,0.0,0.0,0.0
1643026908.883042,0.015,0.0,0.0,0.0,0.0,0.0,0.0,0.0,0.0,0.0
1643026908.8896527,0.015,0.0,0.0,0.0,0.0,0.0,0.0,0.0,0.0,0.0
1643026908.8956711,0.015,0.0,0.0,0.0,0.0,0.0,0.0,0.0,0.0,0.0
1643026908.9033165,0.015,0.0,0.0,0.0,0.0,0.0,0.0,0.0,0.0,0.0
1643026908.9099925,0.015,0.0,0.0,0.0,0.0,0.0,0.0,0.0,0.0,0.0
1643026908.9165676,0.015,0.0,0.0,0.0,0.0,0.0,0.0,0.0,0.0,0.0
1643026908.9229088,0.015,0.0,0.0,0.0,0.0,0.0,0.0,0.0,0.0,0.0
1643026908.9292388,0.015,0.0,0.0,0.0,0.0,0.0,0.0,0.0,0.0,0.0
1643026908.9355896,0.015,0.0,0.0,0.0,0.0,0.0,0.0,0.0,0.0,0.0
1643026908.9418516,0.015,0.0,0.0,0.0,0.0,0.0,0.0,0.0,0.0,0.0
1643026908.9476361,0.015,0.0,0.0,0.0,0.0,0.0,0.0,0.0,0.0,0.0
1643026908.9538066,0.015,0.0,0.0,0.0,0.0,0.0,0.0,0.0,0.0,0.0
1643026908.960237,0.015,0.0,0.0,0.0,0.0,0.0,0.0,0.0,0.0,0.0
1643026908.966959,0.015,0.0,0.0,0.0,0.0,0.0,0.0,0.0,0.0,0.0
1643026908.9730191,0.015,0.0,0.0,0.0,0.0,0.0,0.0,0.0,0.0,0.0
1643026908.9788969,0.015,0.0,0.0,0.0,0.0,0.0,0.0,0.0,0.0,0.0
1643026908.984796,0.015,0.0,0.0,0.0,0.0,0.0,0.0,0.0,0.0,0.0
1643026908.990675,0.015,0.0,0.0,0.0,0.0,0.0,0.0,0.0,0.0,0.0
1643026908.9965584,0.015,0.0,0.0,0.0,0.0,0.0,0.0,0.0,0.0,0.0
1643026909.0024774,0.015,0.0,0.0,0.0,0.0,0.0,0.0,0.0,0.0,0.0
1643026909.0082896,0.015,0.0,0.0,0.0,0.0,0.0,0.0,0.0,0.0,0.0
1643026909.0142415,0.015,0.0,0.0,0.0,0.0,0.0,0.0,0.0,0.0,0.0
1643026909.020165,0.015,0.0,0.0,0.0,0.0,0.0,0.0,0.0,0.0,0.0
1643026909.0258725,0.015,0.0,0.0,0.0,0.0,0.0,0.0,0.0,0.0,0.0
1643026909.0329723,0.015,0.0,0.0,0.0,0.0,0.0,0.0,0.0,0.0,0.0
1643026909.0385761,0.015,0.0,0.0,0.0,0.0,0.0,0.0,0.0,0.0,0.0
1643026909.044898,0.015,0.0,0.0,0.0,0.0,0.0,0.0,0.0,0.0,0.0
1643026909.0508773,0.015,0.0,0.0,0.0,0.0,0.0,0.0,0.0,0.0,0.0
1643026909.0567102,0.015,0.0,0.0,0.0,0.0,0.0,0.0,0.0,0.0,0.0
1643026909.0630333,0.015,0.0,0.0,0.0,0.0,0.0,0.0,0.0,0.0,0.0
1643026909.0702708,0.015,0.0,0.0,0.0,0.0,0.0,0.0,0.0,0.0,0.0
1643026909.0767398,0.015,0.0,0.0,0.0,0.0,0.0,0.0,0.0,0.0,0.0
1643026909.082701,0.015,0.0,0.0,0.0,0.0,0.0,0.0,0.0,0.0,0.0
1643026909.0885987,0.015,0.0,0.0,0.0,0.0,0.0,0.0,0.0,0.0,0.0
1643026909.09457,0.015,0.0,0.0,0.0,0.0,0.0,0.0,0.0,0.0,0.0
1643026909.1011019,0.015,0.0,0.0,0.0,0.0,0.0,0.0,0.0,0.0,0.0
1643026909.1076822,0.015,0.0,0.0,0.0,0.0,0.0,0.0,0.0,0.0,0.0
1643026909.114592,0.015,0.0,0.0,0.0,0.0,0.0,0.0,0.0,0.0,0.0
1643026909.1213007,0.015,0.0,0.0,0.0,0.0,0.0,0.0,0.0,0.0,0.0
1643026909.1276453,0.015,0.0,0.0,0.0,0.0,0.0,0.0,0.0,0.0,0.0
1643026909.134062,0.015,0.0,0.0,0.0,0.0,0.0,0.0,0.0,0.0,0.0
1643026909.1406724,0.015,0.0,0.0,0.0,0.0,0.0,0.0,0.0,0.0,0.0
1643026909.1472387,0.015,0.0,0.0,0.0,0.0,0.0,0.0,0.0,0.0,0.0
1643026909.1540937,0.015,0.0,0.0,0.0,0.0,0.0,0.0,0.0,0.0,0.0
1643026909.1601274,0.015,0.0,0.0,0.0,0.0,0.0,0.0,0.0,0.0,0.0
1643026909.1666605,0.015,0.0,0.0,0.0,0.0,0.0,0.0,0.0,0.0,0.0
1643026909.1733892,0.015,0.0,0.0,0.0,0.0,0.0,0.0,0.0,0.0,0.0
1643026909.1802754,0.015,0.0,0.0,0.0,0.0,0.0,0.0,0.0,0.0,0.0
1643026909.1868682,0.015,0.0,0.0,0.0,0.0,0.0,0.0,0.0,0.0,0.0
1643026909.1934557,0.015,0.0,0.0,0.0,0.0,0.0,0.0,0.0,0.0,0.0
1643026909.200268,0.015,0.0,0.0,0.0,0.0,0.0,0.0,0.0,0.0,0.0
1643026909.20679,0.015,0.0,0.0,0.0,0.0,0.0,0.0,0.0,0.0,0.0
1643026909.2133381,0.015,0.0,0.0,0.0,0.0,0.0,0.0,0.0,0.0,0.0
1643026909.2201412,0.015,0.0,0.0,0.0,0.0,0.0,0.0,0.0,0.0,0.0
1643026909.2263029,0.015,0.0,0.0,0.0,0.0,0.0,0.0,0.0,0.0,0.0
1643026909.2322567,0.015,0.0,0.0,0.0,0.0,0.0,0.0,0.0,0.0,0.0
1643026909.2386389,0.015,0.0,0.0,0.0,0.0,0.0,0.0,0.0,0.0,0.0
1643026909.2452114,0.015,0.0,0.0,0.0,0.0,0.0,0.0,0.0,0.0,0.0
1643026909.251801,0.015,0.0,0.0,0.0,0.0,0.0,0.0,0.0,0.0,0.0
1643026909.258382,0.015,0.0,0.0,0.0,0.0,0.0,0.0,0.0,0.0,0.0
1643026909.2645164,0.015,0.0,0.0,0.0,0.0,0.0,0.0,0.0,0.0,0.0
1643026909.2710838,0.015,0.0,0.0,0.0,0.0,0.0,0.0,0.0,0.0,0.0
1643026909.2777822,0.015,0.0,0.0,0.0,0.0,0.0,0.0,0.0,0.0,0.0
1643026909.2844906,0.015,0.0,0.0,0.0,0.0,0.0,0.0,0.0,0.0,0.0
1643026909.2922962,0.015,0.0,0.0,0.0,0.0,0.0,0.0,0.0,0.0,0.0
1643026909.2986479,0.015,0.0,0.0,0.0,0.0,0.0,0.0,0.0,0.0,0.0
1643026909.304901,0.015,0.0,0.0,0.0,0.0,0.0,0.0,0.0,0.0,0.0
1643026909.3114567,0.015,0.0,0.0,0.0,0.0,0.0,0.0,0.0,0.0,0.0
1643026909.3183482,0.015,0.0,0.0,0.0,0.0,0.0,0.0,0.0,0.0,0.0
1643026909.3249137,0.015,0.0,0.0,0.0,0.0,0.0,0.0,0.0,0.0,0.0
1643026909.331269,0.015,0.0,0.0,0.0,0.0,0.0,0.0,0.0,0.0,0.0
1643026909.3383389,0.015,0.0,0.0,0.0,0.0,0.0,0.0,0.0,0.0,0.0
1643026909.3447313,0.015,0.0,0.0,0.0,0.0,0.0,0.0,0.0,0.0,0.0
1643026909.3505616,0.015,0.0,0.0,0.0,0.0,0.0,0.0,0.0,0.0,0.0
1643026909.3565779,0.015,0.0,0.0,0.0,0.0,0.0,0.0,0.0,0.0,0.0
1643026909.3622713,0.015,0.0,0.0,0.0,0.0,0.0,0.0,0.0,0.0,0.0
1643026909.3677535,0.015,0.0,0.0,0.0,0.0,0.0,0.0,0.0,0.0,0.0
1643026909.3733053,0.015,0.0,0.0,0.0,0.0,0.0,0.0,0.0,0.0,0.0
1643026909.3791006,0.015,0.0,0.0,0.0,0.0,0.0,0.0,0.0,0.0,0.0
1643026909.385091,0.015,0.0,0.0,0.0,0.0,0.0,0.0,0.0,0.0,0.0
1643026909.3910472,0.015,0.0,0.0,0.0,0.0,0.0,0.0,0.0,0.0,0.0
1643026909.39693,0.015,0.0,0.0,0.0,0.0,0.0,0.0,0.0,0.0,0.0
1643026909.4027784,0.015,0.0,0.0,0.0,0.0,0.0,0.0,0.0,0.0,0.0
1643026909.4084466,0.015,0.0,0.0,0.0,0.0,0.0,0.0,0.0,0.0,0.0
1643026909.4143264,0.015,0.0,0.0,0.0,0.0,0.0,0.0,0.0,0.0,0.0
1643026909.4201157,0.015,0.0,0.0,0.0,0.0,0.0,0.0,0.0,0.0,0.0
1643026909.4259822,0.015,0.0,0.0,0.0,0.0,0.0,0.0,0.0,0.0,0.0
1643026909.4317405,0.015,0.0,0.0,0.0,0.0,0.0,0.0,0.0,0.0,0.0
1643026909.4377682,0.015,0.0,0.0,0.0,0.0,0.0,0.0,0.0,0.0,0.0
1643026909.4438035,0.015,0.0,0.0,0.0,0.0,0.0,0.0,0.0,0.0,0.0
1643026909.450627,0.015,0.0,0.0,0.0,0.0,0.0,0.0,0.0,0.0,0.0
1643026909.4571915,0.015,0.0,0.0,0.0,0.0,0.0,0.0,0.0,0.0,0.0
1643026909.4634652,0.015,0.0,0.0,0.0,0.0,0.0,0.0,0.0,0.0,0.0
1643026909.4699564,0.015,0.0,0.0,0.0,0.0,0.0,0.0,0.0,0.0,0.0
1643026909.475792,0.015,0.0,0.0,0.0,0.0,0.0,0.0,0.0,0.0,0.0
1643026909.4822772,0.015,0.0,0.0,0.0,0.0,0.0,0.0,0.0,0.0,0.0
1643026909.4886384,0.015,0.0,0.0,0.0,0.0,0.0,0.0,0.0,0.0,0.0
1643026909.494682,0.015,0.0,0.0,0.0,0.0,0.0,0.0,0.0,0.0,0.0
1643026909.5012517,0.015,0.0,0.0,0.0,0.0,0.0,0.0,0.0,0.0,0.0
1643026909.5082064,0.015,0.0,0.0,0.0,0.0,0.0,0.0,0.0,0.0,0.0
1643026909.5148013,0.015,0.0,0.0,0.0,0.0,0.0,0.0,0.0,0.0,0.0
1643026909.5215042,0.015,0.0,0.0,0.0,0.0,0.0,0.0,0.0,0.0,0.0
1643026909.5282626,0.015,0.0,0.0,0.0,0.0,0.0,0.0,0.0,0.0,0.0
1643026909.5345361,0.015,0.0,0.0,0.0,0.0,0.0,0.0,0.0,0.0,0.0
1643026909.540307,0.015,0.0,0.0,0.0,0.0,0.0,0.0,0.0,0.0,0.0
1643026909.5462096,0.015,0.0,0.0,0.0,0.0,0.0,0.0,0.0,0.0,0.0
1643026909.5521383,0.015,0.0,0.0,0.0,0.0,0.0,0.0,0.0,0.0,0.0
1643026909.5585024,0.015,0.0,0.0,0.0,0.0,0.0,0.0,0.0,0.0,0.0
1643026909.564709,0.015,0.0,0.0,0.0,0.0,0.0,0.0,0.0,0.0,0.0
1643026909.5711734,0.015,0.0,0.0,0.0,0.0,0.0,0.0,0.0,0.0,0.0
1643026909.5780742,0.015,0.0,0.0,0.0,0.0,0.0,0.0,0.0,0.0,0.0
1643026909.5844002,0.015,0.0,0.0,0.0,0.0,0.0,0.0,0.0,0.0,0.0
1643026909.5907607,0.015,0.0,0.0,0.0,0.0,0.0,0.0,0.0,0.0,0.0
1643026909.596972,0.015,0.0,0.0,0.0,0.0,0.0,0.0,0.0,0.0,0.0
1643026909.6035008,0.015,0.0,0.0,0.0,0.0,0.0,0.0,0.0,0.0,0.0
1643026909.610406,0.015,0.0,0.0,0.0,0.0,0.0,0.0,0.0,0.0,0.0
1643026909.617037,0.015,0.0,0.0,0.0,0.0,0.0,0.0,0.0,0.0,0.0
1643026909.623573,0.015,0.0,0.0,0.0,0.0,0.0,0.0,0.0,0.0,0.0
1643026909.6294851,0.015,0.0,0.0,0.0,0.0,0.0,0.0,0.0,0.0,0.0
1643026909.635383,0.015,0.0,0.0,0.0,0.0,0.0,0.0,0.0,0.0,0.0
1643026909.6421623,0.015,0.0,0.0,0.0,0.0,0.0,0.0,0.0,0.0,0.0
1643026909.6483843,0.015,0.0,0.0,0.0,0.0,0.0,0.0,0.0,0.0,0.0
1643026909.654916,0.015,0.0,0.0,0.0,0.0,0.0,0.0,0.0,0.0,0.0
1643026909.6615143,0.015,0.0,0.0,0.0,0.0,0.0,0.0,0.0,0.0,0.0
1643026909.6681025,0.015,0.0,0.0,0.0,0.0,0.0,0.0,0.0,0.0,0.0
1643026909.6743,0.015,0.0,0.0,0.0,0.0,0.0,0.0,0.0,0.0,0.0
1643026909.680924,0.015,0.0,0.0,0.0,0.0,0.0,0.0,0.0,0.0,0.0
1643026909.6882713,0.015,0.0,0.0,0.0,0.0,0.0,0.0,0.0,0.0,0.0
1643026909.6949122,0.015,0.0,0.0,0.0,0.0,0.0,0.0,0.0,0.0,0.0
1643026909.7014563,0.015,0.0,0.0,0.0,0.0,0.0,0.0,0.0,0.0,0.0
1643026909.7082942,0.015,0.0,0.0,0.0,0.0,0.0,0.0,0.0,0.0,0.0
1643026909.7147217,0.015,0.0,0.0,0.0,0.0,0.0,0.0,0.0,0.0,0.0
1643026909.7211308,0.015,0.0,0.0,0.0,0.0,0.0,0.0,0.0,0.0,0.0
1643026909.7286918,0.015,0.0,0.0,0.0,0.0,0.0,0.0,0.0,0.0,0.0
1643026909.7352724,0.015,0.0,0.0,0.0,0.0,0.0,0.0,0.0,0.0,0.0
1643026909.7430856,0.015,0.0,0.0,0.0,0.0,0.0,0.0,0.0,0.0,0.0
1643026909.7500753,0.015,0.0,0.0,0.0,0.0,0.0,0.0,0.0,0.0,0.0
1643026909.7563128,0.015,0.0,0.0,0.0,0.0,0.0,0.0,0.0,0.0,0.0
1643026909.7625232,0.015,0.0,0.0,0.0,0.0,0.0,0.0,0.0,0.0,0.0
1643026909.7687428,0.015,0.0,0.0,0.0,0.0,0.0,0.0,0.0,0.0,0.0
1643026909.775284,0.015,0.0,0.0,0.0,0.0,0.0,0.0,0.0,0.0,0.0
1643026909.782298,0.015,0.0,0.0,0.0,0.0,0.0,0.0,0.0,0.0,0.0
1643026909.7888262,0.015,0.0,0.0,0.0,0.0,0.0,0.0,0.0,0.0,0.0
1643026909.7953591,0.015,0.0,0.0,0.0,0.0,0.0,0.0,0.0,0.0,0.0
1643026909.8014662,0.015,0.0,0.0,0.0,0.0,0.0,0.0,0.0,0.0,0.0
1643026909.8073533,0.015,0.0,0.0,0.0,0.0,0.0,0.0,0.0,0.0,0.0
1643026909.8141167,0.015,0.0,0.0,0.0,0.0,0.0,0.0,0.0,0.0,0.0
1643026909.8207843,0.015,0.0,0.0,0.0,0.0,0.0,0.0,0.0,0.0,0.0
1643026909.8270314,0.015,0.0,0.0,0.0,0.0,0.0,0.0,0.0,0.0,0.0
1643026909.8332148,0.015,0.0,0.0,0.0,0.0,0.0,0.0,0.0,0.0,0.0
1643026909.8402581,0.015,0.0,0.0,0.0,0.0,0.0,0.0,0.0,0.0,0.0
1643026909.846578,0.015,0.0,0.0,0.0,0.0,0.0,0.0,0.0,0.0,0.0
1643026909.8526714,0.015,0.0,0.0,0.0,0.0,0.0,0.0,0.0,0.0,0.0
1643026909.8592238,0.015,0.0,0.0,0.0,0.0,0.0,0.0,0.0,0.0,0.0
1643026909.8659415,0.015,0.0,0.0,0.0,0.0,0.0,0.0,0.0,0.0,0.0
1643026909.8717604,0.015,0.0,0.0,0.0,0.0,0.0,0.0,0.0,0.0,0.0
1643026909.8774717,0.015,0.0,0.0,0.0,0.0,0.0,0.0,0.0,0.0,0.0
1643026909.8833973,0.015,0.0,0.0,0.0,0.0,0.0,0.0,0.0,0.0,0.0
1643026909.889195,0.015,0.0,0.0,0.0,0.0,0.0,0.0,0.0,0.0,0.0
1643026909.895225,0.015,0.0,0.0,0.0,0.0,0.0,0.0,0.0,0.0,0.0
1643026909.9013226,0.015,0.0,0.0,0.0,0.0,0.0,0.0,0.0,0.0,0.0
1643026909.9081867,0.015,0.0,0.0,0.0,0.0,0.0,0.0,0.0,0.0,0.0
1643026909.9152517,0.015,0.0,0.0,0.0,0.0,0.0,0.0,0.0,0.0,0.0
1643026909.9220495,0.015,0.0,0.0,0.0,0.0,0.0,0.0,0.0,0.0,0.0
1643026909.9279587,0.015,0.0,0.0,0.0,0.0,0.0,0.0,0.0,0.0,0.0
1643026909.9335856,3.004016637802124,0.009991492833833673,-0.0019615094560646016,-0.009814405310828543,0.030014610709317047,-0.005892407041224258,-0.029482636843862473,0.09016438994794222,-0.017700888788540058,-0.08856633160524077
1643026909.9393716,3.004016637802124,0.009991492833833673,-0.0019615094560646016,-0.009814405310828543,0.030014610709317047,-0.005892407041224258,-0.029482636843862473,0.09016438994794222,-0.017700888788540058,-0.08856633160524077
1643026909.946677,3.004016637802124,0.009991492833833673,-0.0019615094560646016,-0.009814405310828543,0.030014610709317047,-0.005892407041224258,-0.029482636843862473,0.09016438994794222,-0.017700888788540058,-0.08856633160524077
1643026909.9543626,0.028699636459350586,-1.6835958791554427e-06,0.01961181089300616,-0.0039213353162500485,0.024011640248863965,-0.004151073790040598,-0.02369865037310157,0.09085351529387733,-0.017820023097230162,-0.08924647425552604
1643026909.9603302,0.028699636459350586,-1.6835958791554427e-06,0.01961181089300616,-0.0039213353162500485,0.024011640248863965,-0.004151073790040598,-0.02369865037310157,0.09085351529387733,-0.017820023097230162,-0.08924647425552604
1643026909.9674046,0.014852762222290039,-1.6835958791554427e-06,0.01961181089300616,-0.0039213353162500485,0.0192092871930419,-0.00302956946809014,-0.01901716295952739,0.09113882626901526,-0.017865020572175615,-0.08952893165510643
1643026909.973766,0.014852762222290039,-1.6835958791554427e-06,0.01961181089300616,-0.0039213353162500485,0.0192092871930419,-0.00302956946809014,-0.01901716295952739,0.09113882626901526,-0.017865020572175615,-0.08952893165510643
1643026909.9799452,0.014852762222290039,-1.6835958791554427e-06,0.01961181089300616,-0.0039213353162500485,0.0192092871930419,-0.00302956946809014,-0.01901716295952739,0.09113882626901526,-0.017865020572175615,-0.08952893165510643
1643026909.9859717,0.014599323272705078,0.0,0.0,0.0,0.015367429754433521,-0.0024236555744721125,-0.015213730367621912,0.09136318034387082,-0.017900404303409025,-0.08975104182292712
1643026909.9936156,0.014599323272705078,0.0,0.0,0.0,0.015367429754433521,-0.0024236555744721125,-0.015213730367621912,0.09136318034387082,-0.017900404303409025,-0.08975104182292712
1643026910.000182,0.015466451644897461,-1.018711112505084e-05,0.017651143234881136,-0.013727237111832696,0.012293786245085201,-0.001665923906258242,-0.012383295943105733,0.09155332159436314,-0.017926170234949246,-0.08994256747083562
1643026910.0074756,0.015466451644897461,-1.018711112505084e-05,0.017651143234881136,-0.013727237111832696,0.012293786245085201,-0.001665923906258242,-0.012383295943105733,0.09155332159436314,-0.017926170234949246,-0.08994256747083562
1643026910.0134816,0.014435768127441406,0.0,0.0,0.0,0.009835028996068161,-0.0013327391250065937,-0.009906636754484588,0.09169529779247704,-0.01794540934793221,-0.09008557738194616
1643026910.0194795,0.014435768127441406,0.0,0.0,0.0,0.009835028996068161,-0.0013327391250065937,-0.009906636754484588,0.09169529779247704,-0.01794540934793221,-0.09008557738194616
1643026910.0257535,0.015619516372680664,-8.503515245895396e-06,-0.0019606676581250242,-0.009805901795582647,0.00786789037605892,-0.0010968159805927443,-0.008078472847232673,0.09181819043502434,-0.017962541083098894,-0.09021175922084976
1643026910.0320184,0.015619516372680664,-8.503515245895396e-06,-0.0019606676581250242,-0.009805901795582647,0.00786789037605892,-0.0010968159805927443,-0.008078472847232673,0.09181819043502434,-0.017962541083098894,-0.09021175922084976
1643026910.0380957,0.015619516372680664,-8.503515245895396e-06,-0.0019606676581250242,-0.009805901795582647,0.00786789037605892,-0.0010968159805927443,-0.008078472847232673,0.09181819043502434,-0.017962541083098894,-0.09021175922084976
1643026910.0440505,0.014674901962280273,0.019973640354481872,0.003922218876248852,-0.03139538007536476,0.006587423514879003,-0.0008198946069906385,-0.006923502402460644,0.09191486022928921,-0.017974572956075883,-0.09031336093984148
1643026910.0509593,0.014674901962280273,0.019973640354481872,0.003922218876248852,-0.03139538007536476,0.006587423514879003,-0.0008198946069906385,-0.006923502402460644,0.09191486022928921,-0.017974572956075883,-0.09031336093984148
1643026910.057008,0.01600337028503418,-0.010008499864325462,-0.0019598258601854464,-0.009797398280336753,0.005109769082576688,-0.0006872795045272442,-0.005695593314478701,0.09199663375598871,-0.017985571744476146,-0.09040450962864605
1643026910.062523,0.01600337028503418,-0.010008499864325462,-0.0019598258601854464,-0.009797398280336753,0.005109769082576688,-0.0006872795045272442,-0.005695593314478701,0.09199663375598871,-0.017985571744476146,-0.09040450962864605
1643026910.0690851,0.013147830963134766,-1.6835958791554427e-06,0.01961181089300616,-0.0039213353162500485,0.004087793130427321,-0.00029197082911958523,-0.004608031705470788,0.09205037936907984,-0.01798941052758358,-0.09046509525058234
1643026910.0750875,0.013147830963134766,-1.6835958791554427e-06,0.01961181089300616,-0.0039213353162500485,0.004087793130427321,-0.00029197082911958523,-0.004608031705470788,0.09205037936907984,-0.01798941052758358,-0.09046509525058234
1643026910.0816524,0.013147830963134766,-1.6835958791554427e-06,0.01961181089300616,-0.0039213353162500485,0.004087793130427321,-0.00029197082911958523,-0.004608031705470788,0.09205037936907984,-0.01798941052758358,-0.09046509525058234
1643026910.088497,0.015770912170410156,-2.719414161684163e-05,0.013729807918631086,-0.033339040702997993,0.003269805627922868,-1.7045068494335458e-05,-0.004212212447149341,0.09210194718645212,-0.017989679343861743,-0.09053152568312944
1643026910.0942807,0.015770912170410156,-2.719414161684163e-05,0.013729807918631086,-0.033339040702997993,0.003269805627922868,-1.7045068494335458e-05,-0.004212212447149341,0.09210194718645212,-0.017989679343861743,-0.09053152568312944
1643026910.100253,0.015770912170410156,-2.719414161684163e-05,0.013729807918631086,-0.033339040702997993,0.003269805627922868,-1.7045068494335458e-05,-0.004212212447149341,0.09210194718645212,-0.017989679343861743,-0.09053152568312944
1643026910.1058764,0.014845132827758789,-1.7007030491790792e-05,-0.0039213353162500485,-0.019611803591165294,0.0026155920307116384,-7.184879842738186e-05,-0.0036609097870222386,0.09214077599757126,-0.017990745948817912,-0.09058587237518823
1643026910.1123655,0.014845132827758789,-1.7007030491790792e-05,-0.0039213353162500485,-0.019611803591165294,0.0026155920307116384,-7.184879842738186e-05,-0.0036609097870222386,0.09214077599757126,-0.017990745948817912,-0.09058587237518823
1643026910.1182206,0.015175819396972656,8.417979395777213e-07,-0.00980590544650308,0.0019606676581250242,0.0020924863995428105,-0.00020629168882182675,-0.0028989730913406004,0.09217253119326134,-0.01799387659423057,-0.0906298666672591
1643026910.1240518,0.015175819396972656,8.417979395777213e-07,-0.00980590544650308,0.0019606676581250242,0.0020924863995428105,-0.00020629168882182675,-0.0028989730913406004,0.09217253119326134,-0.01799387659423057,-0.0906298666672591
1643026910.1299362,0.015100479125976562,-1.7007030491790792e-05,-0.0039213353162500485,-0.019611803591165294,0.0016737323053253124,-0.00022424739314644995,-0.002615326103823624,0.09219780535300037,-0.017997262837309833,-0.0906693593444975
1643026910.1359627,0.015100479125976562,-1.7007030491790792e-05,-0.0039213353162500485,-0.019611803591165294,0.0016737323053253124,-0.00022424739314644995,-0.002615326103823624,0.09219780535300037,-0.017997262837309833,-0.0906693593444975
1643026910.1418066,0.015100479125976562,-1.7007030491790792e-05,-0.0039213353162500485,-0.019611803591165294,0.0016737323053253124,-0.00022424739314644995,-0.002615326103823624,0.09219780535300037,-0.017997262837309833,-0.0906693593444975
1643026910.1483638,0.015081167221069336,-2.5510545737686187e-05,-0.005882002974375072,-0.02941770538674794,0.0013386011154540793,-0.00026810538496853766,-0.002535914217256597,0.09221799302026484,-0.018001306179453412,-0.09070760389086624
1643026910.1549838,0.015081167221069336,-2.5510545737686187e-05,-0.005882002974375072,-0.02941770538674794,0.0013386011154540793,-0.00026810538496853766,-0.002535914217256597,0.09221799302026484,-0.018001306179453412,-0.09070760389086624
1643026910.1619093,0.014240026473999023,0.009991492833833673,-0.0019615094560646016,-0.009814405310828543,0.0012131600148318265,-0.0002424162545581895,-0.002168488765258033,0.09223526845099325,-0.018004758193336048,-0.09073848322829209
1643026910.1683273,0.014240026473999023,0.009991492833833673,-0.0019615094560646016,-0.009814405310828543,0.0012131600148318265,-0.0002424162545581895,-0.002168488765258033,0.09223526845099325,-0.018004758193336048,-0.09073848322829209
1643026910.1744254,0.014240026473999023,0.009991492833833673,-0.0019615094560646016,-0.009814405310828543,0.0012131600148318265,-0.0002424162545581895,-0.002168488765258033,0.09223526845099325,-0.018004758193336048,-0.09073848322829209
1643026910.1833484,0.015249252319335938,8.503515245895396e-06,0.0019606676581250242,0.009805901795582647,0.0009706576841150473,-0.0001640342878134416,-0.0015852583415069572,0.09225007025493402,-0.018007259593579936,-0.09076265723273307
1643026910.1905046,0.014443159103393555,-0.010008499864325462,-0.0019598258601854464,-0.009797398280336753,0.0006319717913652924,-0.00015953350696435684,-0.0014097120553677842,0.09225919792406556,-0.018009563761403346,-0.09078301792823872
1643026910.196861,0.014443159103393555,-0.010008499864325462,-0.0019598258601854464,-0.009797398280336753,0.0006319717913652924,-0.00015953350696435684,-0.0014097120553677842,0.09225919792406556,-0.018009563761403346,-0.09078301792823872
1643026910.2027586,0.014443159103393555,-0.010008499864325462,-0.0019598258601854464,-0.009797398280336753,0.0006319717913652924,-0.00015953350696435684,-0.0014097120553677842,0.09225919792406556,-0.018009563761403346,-0.09078301792823872
1643026910.2085555,0.01570296287536621,-8.503515245895396e-06,-0.0019606676581250242,-0.009805901795582647,0.0005054439027080176,-0.00015841509701795394,-0.0012817513561497486,0.09226713489090536,-0.018012051347790718,-0.09080314522219979
1643026910.2146318,0.01570296287536621,-8.503515245895396e-06,-0.0019606676581250242,-0.009805901795582647,0.0005054439027080176,-0.00015841509701795394,-0.0012817513561497486,0.09226713489090536,-0.018012051347790718,-0.09080314522219979
1643026910.2216883,0.014559745788574219,0.0,0.0,0.0,0.00040435512216641404,-0.00012673207761436316,-0.0010254010849197988,0.09227302219869242,-0.01801389653462404,-0.09081807480132754
1643026910.2274678,0.014559745788574219,0.0,0.0,0.0,0.00040435512216641404,-0.00012673207761436316,-0.0010254010849197988,0.09227302219869242,-0.01801389653462404,-0.09081807480132754
1643026910.2347918,0.015255928039550781,-0.010017003379571359,-0.003920493518310471,-0.0196033000759194,0.0001706654150024536,-0.00016119642908636033,-0.001119387403231786,0.09227562585798253,-0.018016355735746416,-0.09083515209499962
1643026910.2413602,0.015255928039550781,-0.010017003379571359,-0.003920493518310471,-0.0196033000759194,0.0001706654150024536,-0.00016119642908636033,-0.001119387403231786,0.09227562585798253,-0.018016355735746416,-0.09083515209499962
1643026910.2470233,0.015255928039550781,-0.010017003379571359,-0.003920493518310471,-0.0196033000759194,0.0001706654150024536,-0.00016119642908636033,-0.001119387403231786,0.09227562585798253,-0.018016355735746416,-0.09083515209499962
1643026910.2527206,0.015931129455566406,0.0,0.0,0.0,0.00013653233200196287,-0.00012895714326908826,-0.0008955099225854288,0.09227780097223852,-0.018018410168690057,-0.09084941857950507
1643026910.2584958,0.015931129455566406,0.0,0.0,0.0,0.00013653233200196287,-0.00012895714326908826,-0.0008955099225854288,0.09227780097223852,-0.018018410168690057,-0.09084941857950507
1643026910.264327,0.014043092727661133,-0.010017003379571359,-0.003920493518310471,-0.0196033000759194,-3.144384171104524e-05,-0.000158221568631099,-0.0009916988988026457,0.09227735940345366,-0.01802063208884986,-0.09086334509909888
1643026910.2708435,0.014043092727661133,-0.010017003379571359,-0.003920493518310471,-0.0196033000759194,-3.144384171104524e-05,-0.000158221568631099,-0.0009916988988026457,0.09227735940345366,-0.01802063208884986,-0.09086334509909888
1643026910.2767847,0.014043092727661133,-0.010017003379571359,-0.003920493518310471,-0.0196033000759194,-3.144384171104524e-05,-0.000158221568631099,-0.0009916988988026457,0.09227735940345366,-0.01802063208884986,-0.09086334509909888
1643026910.2834048,0.015661239624023438,-0.010017003379571359,-0.003920493518310471,-0.0196033000759194,-0.00018203376361095584,-0.0001879770433395702,-0.001100371098952727,0.09227450852906209,-0.018023576042369416,-0.09088057827455492
1643026910.289226,0.015661239624023438,-0.010017003379571359,-0.003920493518310471,-0.0196033000759194,-0.00018203376361095584,-0.0001879770433395702,-0.001100371098952727,0.09227450852906209,-0.018023576042369416,-0.09088057827455492
1643026910.2946928,0.01384282112121582,-2.635234367726391e-05,0.003923902472128008,-0.03137837304487297,-0.00014599180166841383,-9.60637546528916e-05,-0.0013146620842971384,0.09227248759066643,-0.01802490583574131,-0.0908987769066227
1643026910.3010852,0.01384282112121582,-2.635234367726391e-05,0.003923902472128008,-0.03137837304487297,-0.00014599180166841383,-9.60637546528916e-05,-0.0013146620842971384,0.09227248759066643,-0.01802490583574131,-0.0908987769066227
1643026910.3077068,0.01384282112121582,-2.635234367726391e-05,0.003923902472128008,-0.03137837304487297,-0.00014599180166841383,-9.60637546528916e-05,-0.0013146620842971384,0.09227248759066643,-0.01802490583574131,-0.0908987769066227
1643026910.3137934,0.01629805564880371,0.019999992698159136,-1.6835958791554427e-06,-1.7007030491790792e-05,0.00020916755263553443,-7.687844306164185e-05,-0.0010520068489670868,0.0922758966150792,-0.01802615880488452,-0.09091592257279008
1643026910.3196495,0.01629805564880371,0.019999992698159136,-1.6835958791554427e-06,-1.7007030491790792e-05,0.00020916755263553443,-7.687844306164185e-05,-0.0010520068489670868,0.0922758966150792,-0.01802615880488452,-0.09091592257279008
1643026910.3255785,0.015155792236328125,-9.345313185473118e-06,0.007845237788378055,-0.011766569453707671,0.0001671924064834051,5.739803951593468e-05,-0.0010199371611483879,0.09227843054845536,-0.018025288892122845,-0.09093138052849856
1643026910.3314097,0.015155792236328125,-9.345313185473118e-06,0.007845237788378055,-0.011766569453707671,0.0001671924064834051,5.739803951593468e-05,-0.0010199371611483879,0.09227843054845536,-0.018025288892122845,-0.09093138052849856
1643026910.338112,0.013977766036987305,-1.7007030491790792e-05,-0.0039213353162500485,-0.019611803591165294,0.00013351620489352595,-8.89307599037105e-06,-0.0010900789310793664,0.0922802968067295,-0.018025413197458387,-0.09094661739675904
1643026910.3440347,0.013977766036987305,-1.7007030491790792e-05,-0.0039213353162500485,-0.019611803591165294,0.00013351620489352595,-8.89307599037105e-06,-0.0010900789310793664,0.0922802968067295,-0.018025413197458387,-0.09094661739675904
1643026910.3513088,0.013977766036987305,-1.7007030491790792e-05,-0.0039213353162500485,-0.019611803591165294,0.00013351620489352595,-8.89307599037105e-06,-0.0010900789310793664,0.0922802968067295,-0.018025413197458387,-0.09094661739675904
1643026910.3574424,0.01487421989440918,-8.503515245895396e-06,-0.0019606676581250242,-0.009805901795582647,0.00010668648075917784,-3.627786267910473e-05,-0.0010179182844339712,0.09228188368490407,-0.018025952802365176,-0.09096175813715625
1643026910.3632998,0.01487421989440918,-8.503515245895396e-06,-0.0019606676581250242,-0.009805901795582647,0.00010668648075917784,-3.627786267910473e-05,-0.0010179182844339712,0.09228188368490407,-0.018025952802365176,-0.09096175813715625
1643026910.3697534,0.01519465446472168,-1.616523255221307e-05,-0.013727240762753128,-0.017651135933040272,8.510355948436953e-05,-0.00023760297028736004,-0.0010825375389595566,0.09228317680408415,-0.018029563097398484,-0.09097820692100583
1643026910.3758001,0.01519465446472168,-1.616523255221307e-05,-0.013727240762753128,-0.017651135933040272,8.510355948436953e-05,-0.00023760297028736004,-0.0010825375389595566,0.09228317680408415,-0.018029563097398484,-0.09097820692100583
1643026910.3832953,0.01519465446472168,-1.616523255221307e-05,-0.013727240762753128,-0.017651135933040272,8.510355948436953e-05,-0.00023760297028736004,-0.0010825375389595566,0.09228317680408415,-0.018029563097398484,-0.09097820692100583
1643026910.3894236,0.015456438064575195,0.009974485803341883,-0.00588284477231465,-0.029426208901993836,0.000222252869632834,-0.0002810102020966794,-0.0013208544065365644,0.0922866120417983,-0.018033906514182706,-0.09099862262533279
1643026910.3956661,0.015456438064575195,0.009974485803341883,-0.00588284477231465,-0.029426208901993836,0.000222252869632834,-0.0002810102020966794,-0.0013208544065365644,0.0922866120417983,-0.018033906514182706,-0.09099862262533279
1643026910.4014826,0.014284133911132812,0.0,0.0,0.0,0.00017780229570626721,-0.00022480816167734353,-0.0010566835252292515,0.09228915179359988,-0.01803711770406842,-0.09101371643430885
1643026910.4071262,0.014284133911132812,0.0,0.0,0.0,0.00017780229570626721,-0.00022480816167734353,-0.0010566835252292515,0.09228915179359988,-0.01803711770406842,-0.09101371643430885
1643026910.4138246,0.014284133911132812,0.0,0.0,0.0,0.00017780229570626721,-0.00022480816167734353,-0.0010566835252292515,0.09228915179359988,-0.01803711770406842,-0.09101371643430885
1643026910.419595,0.015160560607910156,-8.503515245895396e-06,-0.0019606676581250242,-0.009805901795582647,0.0001421129185067481,-0.00020957135020484852,-0.000994009788670547,0.09229130630511406,-0.018040294923224884,-0.09102878617995484
1643026910.4269753,0.015160560607910156,-8.503515245895396e-06,-0.0019606676581250242,-0.009805901795582647,0.0001421129185067481,-0.00020957135020484852,-0.000994009788670547,0.09229130630511406,-0.018040294923224884,-0.09102878617995484
1643026910.4337966,0.01493978500366211,-0.010000838147019145,0.009806747244442656,-0.0019521641428791286,-3.572003696749011e-05,-2.1146384746649705e-05,-0.0008243727435229101,0.09229077265544144,-0.018040610845666605,-0.09104110213150596
1643026910.4395802,0.01493978500366211,-0.010000838147019145,0.009806747244442656,-0.0019521641428791286,-3.572003696749011e-05,-2.1146384746649705e-05,-0.0008243727435229101,0.09229077265544144,-0.018040610845666605,-0.09104110213150596
1643026910.4455273,0.01493978500366211,-0.010000838147019145,0.009806747244442656,-0.0019521641428791286,-3.572003696749011e-05,-2.1146384746649705e-05,-0.0008243727435229101,0.09229077265544144,-0.018040610845666605,-0.09104110213150596
1643026910.452277,0.015230655670166016,-3.4014060983581584e-05,-0.007842670632500097,-0.03922360718233059,-2.9094086024777047e-05,-0.00013636612373545186,-0.0012568994499542558,0.09229032953343516,-0.018042687791142296,-0.09106024553424023
1643026910.4590073,0.01521921157836914,-8.503515245895396e-06,-0.0019606676581250242,-0.009805901795582647,-2.3404685617508806e-05,-0.00013893271491223177,-0.0011547576541070868,0.09228997333257283,-0.018044802237525703,-0.09107782003529984
1643026910.4650826,0.01521921157836914,-8.503515245895396e-06,-0.0019606676581250242,-0.009805901795582647,-2.3404685617508806e-05,-0.00013893271491223177,-0.0011547576541070868,0.09228997333257283,-0.018044802237525703,-0.09107782003529984
1643026910.473174,0.01521921157836914,-8.503515245895396e-06,-0.0019606676581250242,-0.009805901795582647,-2.3404685617508806e-05,-0.00013893271491223177,-0.0011547576541070868,0.09228997333257283,-0.018044802237525703,-0.09107782003529984
1643026910.4810631,0.015526294708251953,0.009999154551139991,0.009805063648563503,-0.0019691711733709196,0.00013652607190035125,4.109013591097968e-05,-0.0009543800552544207,0.09229209307660051,-0.018044164259965946,-0.0910926380213014
1643026910.4872007,0.015526294708251953,0.009999154551139991,0.009805063648563503,-0.0019691711733709196,0.00013652607190035125,4.109013591097968e-05,-0.0009543800552544207,0.09229209307660051,-0.018044164259965946,-0.0910926380213014
1643026910.4936502,0.015130996704101562,-8.503515245895396e-06,-0.0019606676581250242,-0.009805901795582647,0.00010909219085912209,3.2052528558554764e-06,-0.0009118771119532412,0.09229374375018085,-0.018044115761295547,-0.0911064356308769
1643026910.4994016,0.015130996704101562,-8.503515245895396e-06,-0.0019606676581250242,-0.009805901795582647,0.00010909219085912209,3.2052528558554764e-06,-0.0009118771119532412,0.09229374375018085,-0.018044115761295547,-0.0911064356308769
1643026910.5066159,0.013732433319091797,-1.7007030491790792e-05,-0.0039213353162500485,-0.019611803591165294,8.70402047751134e-05,-5.128527346751915e-05,-0.0009988194746453954,0.092294939023989,-0.01804482003289369,-0.09112015185271029
1643026910.5120609,0.013732433319091797,-1.7007030491790792e-05,-0.0039213353162500485,-0.019611803591165294,8.70402047751134e-05,-5.128527346751915e-05,-0.0009988194746453954,0.092294939023989,-0.01804482003289369,-0.09112015185271029
1643026910.5175781,0.014809370040893555,-8.503515245895396e-06,-0.0019606676581250242,-0.009805901795582647,6.950623211616588e-05,-7.006447165040098e-05,-0.0009442748079917624,0.09229596836750055,-0.018045857643581083,-0.09113413596776213
1643026910.522974,0.014809370040893555,-8.503515245895396e-06,-0.0019606676581250242,-0.009805901795582647,6.950623211616588e-05,-7.006447165040098e-05,-0.0009442748079917624,0.09229596836750055,-0.018045857643581083,-0.09113413596776213
1643026910.528689,0.014809370040893555,-8.503515245895396e-06,-0.0019606676581250242,-0.009805901795582647,6.950623211616588e-05,-7.006447165040098e-05,-0.0009442748079917624,0.09229596836750055,-0.018045857643581083,-0.09113413596776213
1643026910.5345366,0.01530599594116211,-0.010025506894817253,-0.005881161176435494,-0.029409201871502047,-9.784538214723291e-05,-0.00014606860641616263,-0.0012055569708714375,0.09229447074647855,-0.01804809336907802,-0.09115258821786512
1643026910.540843,0.01530599594116211,-0.010025506894817253,-0.005881161176435494,-0.029409201871502047,-9.784538214723291e-05,-0.00014606860641616263,-0.0012055569708714375,0.09229447074647855,-0.01804809336907802,-0.09115258821786512
1643026910.5474265,0.01530599594116211,-0.010025506894817253,-0.005881161176435494,-0.029409201871502047,-9.784538214723291e-05,-0.00014606860641616263,-0.0012055569708714375,0.09229447074647855,-0.01804809336907802,-0.09115258821786512
1643026910.553915,0.015914440155029297,0.009991492833833673,-0.0019615094560646016,-0.009814405310828543,8.073270904566373e-05,-0.0001480712099849943,-0.0011206363426735327,0.0922957555623452,-0.018050449839488007,-0.09117042251787615
1643026910.5597713,0.015914440155029297,0.009991492833833673,-0.0019615094560646016,-0.009814405310828543,8.073270904566373e-05,-0.0001480712099849943,-0.0011206363426735327,0.0922957555623452,-0.018050449839488007,-0.09117042251787615
1643026910.5663855,0.015052318572998047,-7.661717306317674e-06,-0.011766573104628104,-0.007845234137457623,6.447084062682004e-05,-0.00029557117487132836,-0.0010145980376555978,0.09229672599797699,-0.018054898870973165,-0.09118569457076248
1643026910.5719113,0.015052318572998047,-7.661717306317674e-06,-0.011766573104628104,-0.007845234137457623,6.447084062682004e-05,-0.00029557117487132836,-0.0010145980376555978,0.09229672599797699,-0.018054898870973165,-0.09118569457076248
1643026910.577661,0.015052318572998047,-7.661717306317674e-06,-0.011766573104628104,-0.007845234137457623,6.447084062682004e-05,-0.00029557117487132836,-0.0010145980376555978,0.09229672599797699,-0.018054898870973165,-0.09118569457076248
1643026910.5834992,0.014166116714477539,-1.8690626370946236e-05,0.01569047557675611,-0.023533138907415343,5.131189890681852e-05,-1.4183831571076372e-05,-0.0011450516225449364,0.09229745288832575,-0.01805509980078666,-0.09120191550569155
1643026910.5895154,0.014166116714477539,-1.8690626370946236e-05,0.01569047557675611,-0.023533138907415343,5.131189890681852e-05,-1.4183831571076372e-05,-0.0011450516225449364,0.09229745288832575,-0.01805509980078666,-0.09120191550569155
1643026910.5966618,0.015109539031982422,0.009989809237954518,0.01765030143694156,-0.013735740627078592,0.00019199093172838716,0.0002553408532308628,-0.0011235820071739799,0.09230035378280249,-0.01805124171819831,-0.09121889231188458
1643026910.6032302,0.015109539031982422,0.009989809237954518,0.01765030143694156,-0.013735740627078592,0.00019199093172838716,0.0002553408532308628,-0.0011235820071739799,0.09230035378280249,-0.01805124171819831,-0.09121889231188458
1643026910.610279,0.015100717544555664,0.009991492833833673,-0.0019615094560646016,-0.009814405310828543,0.0003044714565148841,0.0001746524823276837,-0.0010470701682057928,0.0923049515202677,-0.018048604340394223,-0.09123470382274398
1643026910.6165373,0.015100717544555664,0.009991492833833673,-0.0019615094560646016,-0.009814405310828543,0.0003044714565148841,0.0001746524823276837,-0.0010470701682057928,0.0923049515202677,-0.018048604340394223,-0.09123470382274398
1643026910.622475,0.015100717544555664,0.009991492833833673,-0.0019615094560646016,-0.009814405310828543,0.0003044714565148841,0.0001746524823276837,-0.0010470701682057928,0.0923049515202677,-0.018048604340394223,-0.09123470382274398
1643026910.6286619,0.014592170715332031,0.019990647384973664,0.0078435541924989,-0.011783576484199462,0.0005352841045634488,0.0002541764676540492,-0.0010096040942592448,0.09231276247730269,-0.018044895353986394,-0.09124943613804232
1643026910.6343982,0.014592170715332031,0.019990647384973664,0.0078435541924989,-0.011783576484199462,0.0005352841045634488,0.0002541764676540492,-0.0010096040942592448,0.09231276247730269,-0.018044895353986394,-0.09124943613804232
1643026910.6404133,0.014592170715332031,0.019990647384973664,0.0078435541924989,-0.011783576484199462,0.0005352841045634488,0.0002541764676540492,-0.0010096040942592448,0.09231276247730269,-0.018044895353986394,-0.09124943613804232
1643026910.6469831,0.01511240005493164,0.009974485803341883,-0.00588284477231465,-0.029426208901993836,0.0005789657034530978,0.00011443727046295715,-0.0012523839164343175,0.09232151203863136,-0.018043165932173963,-0.09126836266480984
1643026910.6531544,0.01511240005493164,0.009974485803341883,-0.00588284477231465,-0.029426208901993836,0.0005789657034530978,0.00011443727046295715,-0.0012523839164343175,0.09232151203863136,-0.018043165932173963,-0.09126836266480984
1643026910.6590965,0.015253543853759766,1.6835958791554427e-06,-0.01961181089300616,0.0039213353162500485,0.000463198243566053,-0.00020759980113774717,-0.000942092872935737,0.09232857745335257,-0.01804633256484465,-0.09128273291976148
1643026910.6659763,0.015253543853759766,1.6835958791554427e-06,-0.01961181089300616,0.0039213353162500485,0.000463198243566053,-0.00020759980113774717,-0.000942092872935737,0.09232857745335257,-0.01804633256484465,-0.09128273291976148
1643026910.6721838,0.015195846557617188,8.503515245895396e-06,0.0019606676581250242,0.009805901795582647,0.0003706878129657194,-0.00013628583602684724,-0.0006046653193038529,0.09233421036847918,-0.018048403543496887,-0.09129192132117234
1643026910.6778316,0.015195846557617188,8.503515245895396e-06,0.0019606676581250242,0.009805901795582647,0.0003706878129657194,-0.00013628583602684724,-0.0006046653193038529,0.09233421036847918,-0.018048403543496887,-0.09129192132117234
1643026910.6849504,0.015195846557617188,8.503515245895396e-06,0.0019606676581250242,0.009805901795582647,0.0003706878129657194,-0.00013628583602684724,-0.0006046653193038529,0.09233421036847918,-0.018048403543496887,-0.09129192132117234
1643026910.690837,0.0151214599609375,-8.503515245895396e-06,-0.0019606676581250242,-0.009805901795582647,0.00029642166480725753,-0.00013867682631052045,-0.0006320118068258705,0.09233869269681512,-0.018050500539573452,-0.09130147826240409
1643026910.6967099,0.0151214599609375,-8.503515245895396e-06,-0.0019606676581250242,-0.009805901795582647,0.00029642166480725753,-0.00013867682631052045,-0.0006320118068258705,0.09233869269681512,-0.018050500539573452,-0.09130147826240409
1643026910.7025073,0.015058517456054688,-8.417979395777213e-07,0.00980590544650308,-0.0019606676581250242,0.00023712465561683845,3.672093729017199e-05,-0.0005351341936160939,0.092342263442581,-0.018049947576698266,-0.09130953658999999
1643026910.7086856,0.015058517456054688,-8.417979395777213e-07,0.00980590544650308,-0.0019606676581250242,0.00023712465561683845,3.672093729017199e-05,-0.0005351341936160939,0.092342263442581,-0.018049947576698266,-0.09130953658999999
1643026910.7161114,0.014423847198486328,0.010017003379571359,0.003920493518310471,0.0196033000759194,0.0003341834506271292,8.592534928290388e-05,-0.00014535235001173825,0.09234708365360911,-0.018048708202589733,-0.0913116331300865
1643026910.7231932,0.014423847198486328,0.010017003379571359,0.003920493518310471,0.0196033000759194,0.0003341834506271292,8.592534928290388e-05,-0.00014535235001173825,0.09234708365360911,-0.018048708202589733,-0.0913116331300865
1643026910.729578,0.014423847198486328,0.010017003379571359,0.003920493518310471,0.0196033000759194,0.0003341834506271292,8.592534928290388e-05,-0.00014535235001173825,0.09234708365360911,-0.018048708202589733,-0.0913116331300865
1643026910.7350738,0.015317201614379883,-8.503515245895396e-06,-0.0019606676581250242,-0.009805901795582647,0.000267216510444251,3.8708337608028064e-05,-0.0002664808548231397,0.09235117666277427,-0.018048115299178432,-0.0913157148710662
1643026910.7412176,0.015317201614379883,-8.503515245895396e-06,-0.0019606676581250242,-0.009805901795582647,0.000267216510444251,3.8708337608028064e-05,-0.0002664808548231397,0.09235117666277427,-0.018048115299178432,-0.0913157148710662
1643026910.7481008,0.014328956604003906,-1.018711112505084e-05,0.017651143234881136,-0.013727237111832696,0.00021362723768216982,0.0002838891355100914,-0.0004098816687268344,0.09235423771819246,-0.01804404746407536,-0.09132158804771016
1643026910.7539032,0.014328956604003906,-1.018711112505084e-05,0.017651143234881136,-0.013727237111832696,0.00021362723768216982,0.0002838891355100914,-0.0004098816687268344,0.09235423771819246,-0.01804404746407536,-0.09132158804771016
1643026910.7599673,0.015634775161743164,-0.009999996349079568,8.417979395777213e-07,8.503515245895396e-06,1.4554095609624313e-05,0.00022712446972959004,-0.00032777238443251354,0.092354465268205,-0.018040496424057407,-0.09132671269524499
1643026910.765831,0.015634775161743164,-0.009999996349079568,8.417979395777213e-07,8.503515245895396e-06,1.4554095609624313e-05,0.00022712446972959004,-0.00032777238443251354,0.092354465268205,-0.018040496424057407,-0.09132671269524499
1643026910.7717352,0.015634775161743164,-0.009999996349079568,8.417979395777213e-07,8.503515245895396e-06,1.4554095609624313e-05,0.00022712446972959004,-0.00032777238443251354,0.092354465268205,-0.018040496424057407,-0.09132671269524499
1643026910.7792292,0.01529240608215332,-0.010007658066385886,-0.011765731306688527,-0.007836730622211728,-0.0001413978945948108,1.773234788286684e-06,-0.0003820603745773187,0.09235230295418169,-0.018040469307030946,-0.09133255531764092
1643026910.7854419,0.01529240608215332,-0.010007658066385886,-0.011765731306688527,-0.007836730622211728,-0.0001413978945948108,1.773234788286684e-06,-0.0003820603745773187,0.09235230295418169,-0.018040469307030946,-0.09133255531764092
1643026910.7911155,0.014547109603881836,-2.5510545737686187e-05,-0.005882002974375072,-0.02941770538674794,-0.0001134894203807496,-8.414755412796378e-05,-0.0007335908842175823,0.09235065201114454,-0.018041693410723744,-0.09134322694463805
1643026910.7969375,0.014547109603881836,-2.5510545737686187e-05,-0.005882002974375072,-0.02941770538674794,-0.0001134894203807496,-8.414755412796378e-05,-0.0007335908842175823,0.09235065201114454,-0.018041693410723744,-0.09134322694463805
1643026910.8033242,0.014547109603881836,-2.5510545737686187e-05,-0.005882002974375072,-0.02941770538674794,-0.0001134894203807496,-8.414755412796378e-05,-0.0007335908842175823,0.09235065201114454,-0.018041693410723744,-0.09134322694463805
1643026910.8089733,0.015113592147827148,0.010008499864325462,0.0019598258601854464,0.009797398280336753,6.047284865639871e-05,-3.769803457076368e-05,-0.00043879882565523316,0.09235156597311514,-0.018042263163443022,-0.09134985877112395
1643026910.8149807,0.015113592147827148,0.010008499864325462,0.0019598258601854464,0.009797398280336753,6.047284865639871e-05,-3.769803457076368e-05,-0.00043879882565523316,0.09235156597311514,-0.018042263163443022,-0.09134985877112395
1643026910.8208175,0.014733076095581055,0.009999996349079568,-8.417979395777213e-07,-8.503515245895396e-06,0.00019570898609164096,-3.017082992971185e-05,-0.0003511643434613843,0.09235444936849982,-0.018042707672576243,-0.09135503250211822
1643026910.82688,0.014733076095581055,0.009999996349079568,-8.417979395777213e-07,-8.503515245895396e-06,0.00019570898609164096,-3.017082992971185e-05,-0.0003511643434613843,0.09235444936849982,-0.018042707672576243,-0.09135503250211822
1643026910.8331385,0.014733076095581055,0.009999996349079568,-8.417979395777213e-07,-8.503515245895396e-06,0.00019570898609164096,-3.017082992971185e-05,-0.0003511643434613843,0.09235444936849982,-0.018042707672576243,-0.09135503250211822
1643026910.839346,0.015056610107421875,-2.5510545737686187e-05,-0.005882002974375072,-0.02941770538674794,0.00015618308653251288,-0.00011269968937963072,-0.0007238623950323754,0.09235680095633911,-0.01804440454785846,-0.09136593141597166
1643026910.845676,0.015056610107421875,-2.5510545737686187e-05,-0.005882002974375072,-0.02941770538674794,0.00015618308653251288,-0.00011269968937963072,-0.0007238623950323754,0.09235680095633911,-0.01804440454785846,-0.09136593141597166
1643026910.851427,0.015066146850585938,-8.417979395777213e-07,0.00980590544650308,-0.0019606676581250242,0.0001249337865746341,5.757745995627128e-05,-0.0006086296228884064,0.09235868322711424,-0.018043537077391474,-0.09137510111924771
1643026910.8574386,0.015066146850585938,-8.417979395777213e-07,0.00980590544650308,-0.0019606676581250242,0.0001249337865746341,5.757745995627128e-05,-0.0006086296228884064,0.09235868322711424,-0.018043537077391474,-0.09137510111924771
1643026910.8635304,0.015066146850585938,-8.417979395777213e-07,0.00980590544650308,-0.0019606676581250242,0.0001249337865746341,5.757745995627128e-05,-0.0006086296228884064,0.09235868322711424,-0.018043537077391474,-0.09137510111924771
1643026910.8699179,0.015289783477783203,0.009999996349079568,-8.417979395777213e-07,-8.503515245895396e-06,0.0002528448082157564,4.6049097056788834e-05,-0.0004870337152176349,0.09236254916948534,-0.018042832996668128,-0.09138254775929977
1643026910.8766959,0.015289783477783203,0.009999996349079568,-8.417979395777213e-07,-8.503515245895396e-06,0.0002528448082157564,4.6049097056788834e-05,-0.0004870337152176349,0.09236254916948534,-0.018042832996668128,-0.09138254775929977
1643026910.8837426,0.015089988708496094,0.010000838147019145,-0.009806747244442656,0.0019521641428791286,0.00035318838128662103,-0.00011114442754028378,-0.0003601688373009309,0.09236787877817093,-0.018044510164824723,-0.0913879827029878
1643026910.8901048,0.015089988708496094,0.010000838147019145,-0.009806747244442656,0.0019521641428791286,0.00035318838128662103,-0.00011114442754028378,-0.0003601688373009309,0.09236787877817093,-0.018044510164824723,-0.0913879827029878
1643026910.8979735,0.014776945114135742,0.010000838147019145,-0.009806747244442656,0.0019521641428791286,0.0004303325414231538,-0.0002338293078115581,-0.00025928804744763603,0.09237423777851637,-0.018047965447672332,-0.09139181418823368
1643026910.9036052,0.014776945114135742,0.010000838147019145,-0.009806747244442656,0.0019521641428791286,0.0004303325414231538,-0.0002338293078115581,-0.00025928804744763603,0.09237423777851637,-0.018047965447672332,-0.09139181418823368
1643026910.9100335,0.014708757400512695,-8.417979395777213e-07,0.00980590544650308,-0.0019606676581250242,0.00034425365133684957,-4.283076194426657e-05,-0.00023626942288450118,0.09237930132195812,-0.01804859543495905,-0.09139528941785605
1643026910.916003,0.014708757400512695,-8.417979395777213e-07,0.00980590544650308,-0.0019606676581250242,0.00034425365133684957,-4.283076194426657e-05,-0.00023626942288450118,0.09237930132195812,-0.01804859543495905,-0.09139528941785605
1643026910.9229248,0.014708757400512695,-8.417979395777213e-07,0.00980590544650308,-0.0019606676581250242,0.00034425365133684957,-4.283076194426657e-05,-0.00023626942288450118,0.09237930132195812,-0.01804859543495905,-0.09139528941785605
1643026910.9290297,0.015836000442504883,-1.6835958791554427e-06,0.01961181089300616,-0.0039213353162500485,0.00027537625964439233,0.00027630803642455436,-0.00025111380611094673,0.09238366218052771,-0.01804421982077196,-0.09139926605620073
1643026910.9348676,0.015836000442504883,-1.6835958791554427e-06,0.01961181089300616,-0.0039213353162500485,0.00027537625964439233,0.00027630803642455436,-0.00025111380611094673,0.09238366218052771,-0.01804421982077196,-0.09139926605620073
1643026910.9410298,0.015836000442504883,-1.6835958791554427e-06,0.01961181089300616,-0.0039213353162500485,0.00027537625964439233,0.00027630803642455436,-0.00025111380611094673,0.09238366218052771,-0.01804421982077196,-0.09139926605620073
1643026910.94849,0.014518499374389648,-2.5510545737686187e-05,-0.005882002974375072,-0.02941770538674794,0.00021993063287318096,0.00013564857263602094,-0.0006279919821422363,0.0923868552432835,-0.018042250407055007,-0.09140838355740058
1643026910.9540226,0.014441967010498047,8.417979395777213e-07,-0.00980590544650308,0.0019606676581250242,0.0001759566635166177,-3.3097704857643835e-05,-0.000474077688076597,0.09238939640361328,-0.018042728403016683,-0.0914152301717322
1643026910.9597163,0.014441967010498047,8.417979395777213e-07,-0.00980590544650308,0.0019606676581250242,0.0001759566635166177,-3.3097704857643835e-05,-0.000474077688076597,0.09238939640361328,-0.018042728403016683,-0.0914152301717322
1643026910.9669085,0.014441967010498047,8.417979395777213e-07,-0.00980590544650308,0.0019606676581250242,0.0001759566635166177,-3.3097704857643835e-05,-0.000474077688076597,0.09238939640361328,-0.018042728403016683,-0.0914152301717322
1643026910.9726946,0.016094446182250977,0.009999154551139991,0.009805063648563503,-0.0019691711733709196,0.00030169618560462667,0.00013132890531923562,-0.0004109548699347359,0.09239425203663588,-0.01804061473701785,-0.0914218442627697
1643026910.981008,0.016094446182250977,0.009999154551139991,0.009805063648563503,-0.0019691711733709196,0.00030169618560462667,0.00013132890531923562,-0.0004109548699347359,0.09239425203663588,-0.01804061473701785,-0.0914218442627697
1643026910.9878936,0.014228105545043945,-2.719414161684163e-05,0.013729807918631086,-0.033339040702997993,0.00024097002736657005,0.00030041228043485173,-0.0008031152858405603,0.09239768058361846,-0.018036340439384794,-0.09143327107182148
1643026910.993553,0.014228105545043945,-2.719414161684163e-05,0.013729807918631086,-0.033339040702997993,0.00024097002736657005,0.00030041228043485173,-0.0008031152858405603,0.09239768058361846,-0.018036340439384794,-0.09143327107182148
1643026910.9993823,0.015076637268066406,-9.345313185473118e-06,0.007845237788378055,-0.011766569453707671,0.00019263512599620222,0.0003586096287649848,-0.0008198925282155091,0.0924005848735382,-0.018030933812091067,-0.09144563229406819
1643026911.005744,0.015076637268066406,-9.345313185473118e-06,0.007845237788378055,-0.011766569453707671,0.00019263512599620222,0.0003586096287649848,-0.0008198925282155091,0.0924005848735382,-0.018030933812091067,-0.09144563229406819
1643026911.0121768,0.015076637268066406,-9.345313185473118e-06,0.007845237788378055,-0.011766569453707671,0.00019263512599620222,0.0003586096287649848,-0.0008198925282155091,0.0924005848735382,-0.018030933812091067,-0.09144563229406819
1643026911.0178955,0.015305757522583008,0.009999996349079568,-8.417979395777213e-07,-8.503515245895396e-06,0.000307165620142689,0.0002868748186568417,-0.0006560441753148506,0.09240528627603938,-0.018026542975677372,-0.09145567354713965
1643026911.0234926,0.015305757522583008,0.009999996349079568,-8.417979395777213e-07,-8.503515245895396e-06,0.000307165620142689,0.0002868748186568417,-0.0006560441753148506,0.09240528627603938,-0.018026542975677372,-0.09145567354713965
1643026911.029959,0.014710664749145508,0.0,0.0,0.0,0.00024573249611415125,0.00022949985492547338,-0.0005248353402518805,0.09240890116440768,-0.018023166880251587,-0.0914633942238786
1643026911.0362158,0.014710664749145508,0.0,0.0,0.0,0.00024573249611415125,0.00022949985492547338,-0.0005248353402518805,0.09240890116440768,-0.018023166880251587,-0.0914633942238786
1643026911.0431664,0.014710664749145508,0.0,0.0,0.0,0.00024573249611415125,0.00022949985492547338,-0.0005248353402518805,0.09240890116440768,-0.018023166880251587,-0.0914633942238786
1643026911.050716,0.015965938568115234,-1.7007030491790792e-05,-0.0039213353162500485,-0.019611803591165294,0.00019631446368726302,0.00012099208517614971,-0.0007329891235479911,0.09241203550907495,-0.018021235128052437,-0.09147509708319626
1643026911.0566497,0.015965938568115234,-1.7007030491790792e-05,-0.0039213353162500485,-0.019611803591165294,0.00019631446368726302,0.00012099208517614971,-0.0007329891235479911,0.09241203550907495,-0.018021235128052437,-0.09147509708319626
1643026911.0628326,0.014316082000732422,-1.7007030491790792e-05,-0.0039213353162500485,-0.019611803591165294,0.000156808096906701,4.0655510201116086e-05,-0.0008671554872317739,0.09241428038664865,-0.018020653100434617,-0.09148751135225885
1643026911.0695212,0.014316082000732422,-1.7007030491790792e-05,-0.0039213353162500485,-0.019611803591165294,0.000156808096906701,4.0655510201116086e-05,-0.0008671554872317739,0.09241428038664865,-0.018020653100434617,-0.09148751135225885
1643026911.0756395,0.014316082000732422,-1.7007030491790792e-05,-0.0039213353162500485,-0.019611803591165294,0.000156808096906701,4.0655510201116086e-05,-0.0008671554872317739,0.09241428038664865,-0.018020653100434617,-0.09148751135225885
1643026911.0820184,0.014810323715209961,0.009999996349079568,-8.417979395777213e-07,-8.503515245895396e-06,0.0002735496606061469,3.251194086090493e-05,-0.0006938503295989281,0.0924183317456744,-0.018020171588065858,-0.09149778750025012
1643026911.0884101,0.014810323715209961,0.009999996349079568,-8.417979395777213e-07,-8.503515245895396e-06,0.0002735496606061469,3.251194086090493e-05,-0.0006938503295989281,0.0924183317456744,-0.018020171588065858,-0.09149778750025012
1643026911.0944967,0.014975547790527344,0.0,0.0,0.0,0.00021883972848491754,2.6009552688723944e-05,-0.0005550802636791425,0.09242160899048679,-0.018019782080766558,-0.09150610013126642
1643026911.100255,0.014975547790527344,0.0,0.0,0.0,0.00021883972848491754,2.6009552688723944e-05,-0.0005550802636791425,0.09242160899048679,-0.018019782080766558,-0.09150610013126642
1643026911.1064062,0.01494455337524414,0.019990647384973664,0.0078435541924989,-0.011783576484199462,0.00047382307963835766,0.00013802605643239892,-0.0006201644986627046,0.09242869006479087,-0.01801771934299903,-0.09151536821271812
1643026911.1121082,0.01494455337524414,0.019990647384973664,0.0078435541924989,-0.011783576484199462,0.00047382307963835766,0.00013802605643239892,-0.0006201644986627046,0.09242869006479087,-0.01801771934299903,-0.09151536821271812
1643026911.123441,0.014748334884643555,0.009991492833833673,-0.0019615094560646016,-0.009814405310828543,0.0005264163460215814,8.149184680848337e-05,-0.0006408777351478873,0.09243645382935076,-0.01801651747395193,-0.09152482009217619
1643026911.1294215,0.014748334884643555,0.009991492833833673,-0.0019615094560646016,-0.009814405310828543,0.0005264163460215814,8.149184680848337e-05,-0.0006408777351478873,0.09243645382935076,-0.01801651747395193,-0.09152482009217619
1643026911.1354597,0.014748334884643555,0.009991492833833673,-0.0019615094560646016,-0.009814405310828543,0.0005264163460215814,8.149184680848337e-05,-0.0006408777351478873,0.09243645382935076,-0.01801651747395193,-0.09152482009217619
1643026911.1420789,0.015228986740112305,-4.251757622947698e-05,-0.009803338290625121,-0.04902950897791324,0.00042048557721264477,-8.41014313899785e-05,-0.0012593719302171678,0.09244285739863053,-0.018017798253535392,-0.09154399905060234
1643026911.1484864,0.015228986740112305,-4.251757622947698e-05,-0.009803338290625121,-0.04902950897791324,0.00042048557721264477,-8.41014313899785e-05,-0.0012593719302171678,0.09244285739863053,-0.018017798253535392,-0.09154399905060234
1643026911.1545987,0.015098333358764648,0.009999154551139991,0.009805063648563503,-0.0019691711733709196,0.00048735903048903613,8.075897445793416e-05,-0.001037228746989758,0.09245021570773826,-0.018016578927617315,-0.09155965947599369
1643026911.160536,0.015098333358764648,0.009999154551139991,0.009805063648563503,-0.0019691711733709196,0.00048735903048903613,8.075897445793416e-05,-0.001037228746989758,0.09245021570773826,-0.018016578927617315,-0.09155965947599369
1643026911.1664374,0.015025854110717773,0.009991492833833673,-0.0019615094560646016,-0.009814405310828543,0.0005400179380606958,3.513382464272725e-05,-0.0009772528199757699,0.09245832993849273,-0.01801605101189388,-0.09157434353429593
1643026911.1723633,0.015025854110717773,0.009991492833833673,-0.0019615094560646016,-0.009814405310828543,0.0005400179380606958,3.513382464272725e-05,-0.0009772528199757699,0.09245832993849273,-0.01801605101189388,-0.09157434353429593
1643026911.1779695,0.015025854110717773,0.009991492833833673,-0.0019615094560646016,-0.009814405310828543,0.0005400179380606958,3.513382464272725e-05,-0.0009772528199757699,0.09245832993849273,-0.01801605101189388,-0.09157434353429593
1643026911.1834962,0.015325784683227539,0.0,0.0,0.0,0.00043201435044855666,2.81070597141818e-05,-0.0007818022559806159,0.09246495089740778,-0.01801562024914862,-0.09158632526733596
1643026911.1905239,0.015325784683227539,0.0,0.0,0.0,0.00043201435044855666,2.81070597141818e-05,-0.0007818022559806159,0.09246495089740778,-0.01801562024914862,-0.09158632526733596
1643026911.1964,0.013947725296020508,0.009999996349079568,-8.417979395777213e-07,-8.503515245895396e-06,0.0004850886823970152,2.247390660492946e-05,-0.000625560409479193,0.09247171678109406,-0.018015306789272968,-0.09159505041208343
1643026911.2019858,0.013947725296020508,0.009999996349079568,-8.417979395777213e-07,-8.503515245895396e-06,0.0004850886823970152,2.247390660492946e-05,-0.000625560409479193,0.09247171678109406,-0.018015306789272968,-0.09159505041208343
1643026911.2085626,0.015472888946533203,0.009982989318587777,-0.003922177114189626,-0.019620307106411192,0.000542536630998548,-4.27082856325466e-05,-0.0008040311605377311,0.09248011139013493,-0.018015967609833657,-0.09160749109693998
1643026911.2144222,0.015472888946533203,0.009982989318587777,-0.003922177114189626,-0.019620307106411192,0.000542536630998548,-4.27082856325466e-05,-0.0008040311605377311,0.09248011139013493,-0.018015967609833657,-0.09160749109693998
1643026911.2203033,0.015472888946533203,0.009982989318587777,-0.003922177114189626,-0.019620307106411192,0.000542536630998548,-4.27082856325466e-05,-0.0008040311605377311,0.09248011139013493,-0.018015967609833657,-0.09160749109693998
1643026911.2266262,0.015456914901733398,0.009991492833833673,-0.0019615094560646016,-0.009814405310828543,0.0005884669592726847,-6.44855132473732e-05,-0.000794925356130782,0.0924892072738469,-0.018016964356924316,-0.09161977819052293
1643026911.2322254,0.015456914901733398,0.009991492833833673,-0.0019615094560646016,-0.009814405310828543,0.0005884669592726847,-6.44855132473732e-05,-0.000794925356130782,0.0924892072738469,-0.018016964356924316,-0.09161977819052293
1643026911.2379835,0.015456914901733398,0.009991492833833673,-0.0019615094560646016,-0.009814405310828543,0.0005884669592726847,-6.44855132473732e-05,-0.000794925356130782,0.0924892072738469,-0.018016964356924316,-0.09161977819052293
1643026911.2437587,0.014749288558959961,-3.317226304400386e-05,-0.017648576079003175,-0.03726293952420557,0.000470284300138358,-0.0003118923518418745,-0.001185542132502208,0.09249614363269439,-0.018021564547220963,-0.09163726409353401
1643026911.2496576,0.014749288558959961,-3.317226304400386e-05,-0.017648576079003175,-0.03726293952420557,0.000470284300138358,-0.0003118923518418745,-0.001185542132502208,0.09249614363269439,-0.018021564547220963,-0.09163726409353401
1643026911.2553997,0.014749288558959961,-3.317226304400386e-05,-0.017648576079003175,-0.03726293952420557,0.000470284300138358,-0.0003118923518418745,-0.001185542132502208,0.09249614363269439,-0.018021564547220963,-0.09163726409353401
1643026911.261406,0.014742612838745117,-9.345313185473118e-06,0.007845237788378055,-0.011766569453707671,0.0003760896657765362,-0.00013385457813154896,-0.0011219036838979832,0.09250168817702958,-0.01802353791344305,-0.09165380388518808
1643026911.267048,0.014742612838745117,-9.345313185473118e-06,0.007845237788378055,-0.011766569453707671,0.0003760896657765362,-0.00013385457813154896,-0.0011219036838979832,0.09250168817702958,-0.01802353791344305,-0.09165380388518808
1643026911.2726576,0.015051126480102539,0.0,0.0,0.0,0.00030087173262122895,-0.00010708366250523918,-0.0008975229471183866,0.09250621663553156,-0.01802514964319137,-0.09166731261658395
1643026911.2785406,0.015051126480102539,0.0,0.0,0.0,0.00030087173262122895,-0.00010708366250523918,-0.0008975229471183866,0.09250621663553156,-0.01802514964319137,-0.09166731261658395
1643026911.284566,0.015051126480102539,0.0,0.0,0.0,0.00030087173262122895,-0.00010708366250523918,-0.0008975229471183866,0.09250621663553156,-0.01802514964319137,-0.09166731261658395
1643026911.2906747,0.015066862106323242,-3.4014060983581584e-05,-0.007842670632500097,-0.03922360718233059,0.00024018490093046747,-0.0002038313669693812,-0.0013089950384234743,0.0925098354683139,-0.01802822074229044,-0.09168703506432574
1643026911.2965436,0.015066862106323242,-3.4014060983581584e-05,-0.007842670632500097,-0.03922360718233059,0.00024018490093046747,-0.0002038313669693812,-0.0013089950384234743,0.0925098354683139,-0.01802822074229044,-0.09168703506432574
1643026911.3023372,0.015345573425292969,-9.345313185473118e-06,0.007845237788378055,-0.011766569453707671,0.00019200451155470397,-4.267542105506651e-05,-0.00122776078625446,0.09251278188764395,-0.018028875621097694,-0.0917058757576199
1643026911.30817,0.015345573425292969,-9.345313185473118e-06,0.007845237788378055,-0.011766569453707671,0.00019200451155470397,-4.267542105506651e-05,-0.00122776078625446,0.09251278188764395,-0.018028875621097694,-0.0917058757576199
1643026911.3139708,0.014507532119750977,-8.503515245895396e-06,-0.0019606676581250242,-0.009805901795582647,0.00015348024422320256,-6.258478587045893e-05,-0.001124468064266107,0.09251500850721676,-0.01802978357188892,-0.09172218901417988
1643026911.3198006,0.014507532119750977,-8.503515245895396e-06,-0.0019606676581250242,-0.009805901795582647,0.00015348024422320256,-6.258478587045893e-05,-0.001124468064266107,0.09251500850721676,-0.01802978357188892,-0.09172218901417988
1643026911.326136,0.014507532119750977,-8.503515245895396e-06,-0.0019606676581250242,-0.009805901795582647,0.00015348024422320256,-6.258478587045893e-05,-0.001124468064266107,0.09251500850721676,-0.01802978357188892,-0.09172218901417988
1643026911.3319306,0.015076398849487305,0.0,0.0,0.0,0.00012278419537856207,-5.006782869636714e-05,-0.0008995744514128856,0.09251685965071871,-0.018030538414443874,-0.09173575135740418
1643026911.3375309,0.015076398849487305,0.0,0.0,0.0,0.00012278419537856207,-5.006782869636714e-05,-0.0008995744514128856,0.09251685965071871,-0.018030538414443874,-0.09173575135740418
1643026911.3442657,0.015076398849487305,0.0,0.0,0.0,0.00012278419537856207,-5.006782869636714e-05,-0.0008995744514128856,0.09251685965071871,-0.018030538414443874,-0.09173575135740418
1643026911.3500912,0.01501917839050293,-1.7007030491790792e-05,-0.0039213353162500485,-0.019611803591165294,9.797192467800073e-05,-9.894949760083242e-05,-0.0010142127378255262,0.0925183311085327,-0.01803202455459999,-0.0917509839994395
1643026911.3563116,0.01501917839050293,-1.7007030491790792e-05,-0.0039213353162500485,-0.019611803591165294,9.797192467800073e-05,-9.894949760083242e-05,-0.0010142127378255262,0.0925183311085327,-0.01803202455459999,-0.0917509839994395
1643026911.3620324,0.01517343521118164,9.345313185473118e-06,-0.007845237788378055,0.011766569453707671,7.851934024654857e-05,-0.0001981988053789343,-0.0006328309109967186,0.09251952251665477,-0.018035031911332343,-0.09176058621826715
1643026911.3680937,0.01517343521118164,9.345313185473118e-06,-0.007845237788378055,0.011766569453707671,7.851934024654857e-05,-0.0001981988053789343,-0.0006328309109967186,0.09251952251665477,-0.018035031911332343,-0.09176058621826715
1643026911.3750045,0.01517343521118164,9.345313185473118e-06,-0.007845237788378055,0.011766569453707671,7.851934024654857e-05,-0.0001981988053789343,-0.0006328309109967186,0.09251952251665477,-0.018035031911332343,-0.09176058621826715
1643026911.3808103,0.015262842178344727,0.009999996349079568,-8.417979395777213e-07,-8.503515245895396e-06,0.00021544383825726376,-0.00015857189253224528,-0.0005063945166085342,0.09252281080195639,-0.018037452169101985,-0.09176831523785411
1643026911.3868153,0.015262842178344727,0.009999996349079568,-8.417979395777213e-07,-8.503515245895396e-06,0.00021544383825726376,-0.00015857189253224528,-0.0005063945166085342,0.09252281080195639,-0.018037452169101985,-0.09176831523785411
1643026911.3926249,0.015171289443969727,-0.01000934166226504,0.007846079586317632,-0.011758065938461777,2.050045110400304e-05,-7.822369621349187e-06,-0.0005835006349405125,0.09252312182023381,-0.01803757084453565,-0.09177716769487754
1643026911.3988883,0.015171289443969727,-0.01000934166226504,0.007846079586317632,-0.011758065938461777,2.050045110400304e-05,-7.822369621349187e-06,-0.0005835006349405125,0.09252312182023381,-0.01803757084453565,-0.09177716769487754
1643026911.4049933,0.015171289443969727,-0.01000934166226504,0.007846079586317632,-0.011758065938461777,2.050045110400304e-05,-7.822369621349187e-06,-0.0005835006349405125,0.09252312182023381,-0.01803757084453565,-0.09177716769487754
1643026911.410651,0.016463518142700195,-1.6835958791554427e-06,0.01961181089300616,-0.0039213353162500485,1.6372642971900984e-05,0.00031662150875113286,-0.0005313594830751037,0.09252339137153842,-0.018032358140581954,-0.09178591574136744
1643026911.4162369,0.016463518142700195,-1.6835958791554427e-06,0.01961181089300616,-0.0039213353162500485,1.6372642971900984e-05,0.00031662150875113286,-0.0005313594830751037,0.09252339137153842,-0.018032358140581954,-0.09178591574136744
1643026911.4224653,0.013094186782836914,0.0,0.0,0.0,1.3098114377520788e-05,0.0002532972070009063,-0.00042508758646008296,0.09252356288069459,-0.018029041419641914,-0.09179148191762361
1643026911.428817,0.013094186782836914,0.0,0.0,0.0,1.3098114377520788e-05,0.0002532972070009063,-0.00042508758646008296,0.09252356288069459,-0.018029041419641914,-0.09179148191762361
1643026911.4353886,0.014824628829956055,-8.503515245895396e-06,-0.0019606676581250242,-0.009805901795582647,1.035243004474636e-05,0.0001735715953101224,-0.00048543892363057874,0.0925237163516275,-0.01802646828516602,-0.09179867836948605
1643026911.441495,0.014824628829956055,-8.503515245895396e-06,-0.0019606676581250242,-0.009805901795582647,1.035243004474636e-05,0.0001735715953101224,-0.00048543892363057874,0.0925237163516275,-0.01802646828516602,-0.09179867836948605
1643026911.4473252,0.014824628829956055,-8.503515245895396e-06,-0.0019606676581250242,-0.009805901795582647,1.035243004474636e-05,0.0001735715953101224,-0.00048543892363057874,0.0925237163516275,-0.01802646828516602,-0.09179867836948605
1643026911.4530823,0.014926433563232422,-9.345313185473118e-06,0.007845237788378055,-0.011766569453707671,8.142451839406523e-06,0.00025595869688408346,-0.0005639840561223906,0.09252383788939392,-0.018022647734682047,-0.09180709664003048
1643026911.4590173,0.014926433563232422,-9.345313185473118e-06,0.007845237788378055,-0.011766569453707671,8.142451839406523e-06,0.00025595869688408346,-0.0005639840561223906,0.09252383788939392,-0.018022647734682047,-0.09180709664003048
1643026911.465267,0.01522517204284668,-1.7848828431368514e-05,0.005884570130253031,-0.02157247124929032,6.2422099878943804e-06,0.00029436055013856585,-0.0007796318310577214,0.09252393292811491,-0.01801816604466356,-0.09181896666878842
1643026911.470923,0.01522517204284668,-1.7848828431368514e-05,0.005884570130253031,-0.02157247124929032,6.2422099878943804e-06,0.00029436055013856585,-0.0007796318310577214,0.09252393292811491,-0.01801816604466356,-0.09181896666878842
1643026911.4768229,0.01522517204284668,-1.7848828431368514e-05,0.005884570130253031,-0.02157247124929032,6.2422099878943804e-06,0.00029436055013856585,-0.0007796318310577214,0.09252393292811491,-0.01801816604466356,-0.09181896666878842
1643026911.4825635,0.015554189682006836,0.009999996349079568,-8.417979395777213e-07,-8.503515245895396e-06,0.00016053560802327494,0.00023547534662602657,-0.0006238377301352757,0.09252642992941282,-0.018014503416456704,-0.09182866995917373
1643026911.48893,0.015554189682006836,0.009999996349079568,-8.417979395777213e-07,-8.503515245895396e-06,0.00016053560802327494,0.00023547534662602657,-0.0006238377301352757,0.09252642992941282,-0.018014503416456704,-0.09182866995917373
1643026911.4954946,0.014303922653198242,8.417979395777213e-07,-0.00980590544650308,0.0019606676581250242,0.0001284405274312373,4.811736424946582e-05,-0.000471024945577773,0.09252826713278273,-0.018013815149400203,-0.091835407463563
1643026911.5017185,0.014303922653198242,8.417979395777213e-07,-0.00980590544650308,0.0019606676581250242,0.0001284405274312373,4.811736424946582e-05,-0.000471024945577773,0.09252826713278273,-0.018013815149400203,-0.091835407463563
1643026911.5075336,0.014303922653198242,8.417979395777213e-07,-0.00980590544650308,0.0019606676581250242,0.0001284405274312373,4.811736424946582e-05,-0.000471024945577773,0.09252826713278273,-0.018013815149400203,-0.091835407463563
1643026911.5132124,0.014998912811279297,0.010000838147019145,-0.009806747244442656,0.0019521641428791286,0.000252754121351846,-0.00010859665548207625,-0.0003475396166898686,0.09253205816981157,-0.018015443981167376,-0.0918406201799722
1643026911.5193298,0.014998912811279297,0.010000838147019145,-0.009806747244442656,0.0019521641428791286,0.000252754121351846,-0.00010859665548207625,-0.0003475396166898686,0.09253205816981157,-0.018015443981167376,-0.0918406201799722
1643026911.5253687,0.014987707138061523,-7.661717306317674e-06,-0.011766573104628104,-0.007845234137457623,0.0002020884655063151,-0.00026323127609641835,-0.0003956137650336325,0.09253508701254856,-0.01801938921444309,-0.09184654952322231
1643026911.53133,0.014987707138061523,-7.661717306317674e-06,-0.011766573104628104,-0.007845234137457623,0.0002020884655063151,-0.00026323127609641835,-0.0003956137650336325,0.09253508701254856,-0.01801938921444309,-0.09184654952322231
1643026911.5372732,0.014987707138061523,-7.661717306317674e-06,-0.011766573104628104,-0.007845234137457623,0.0002020884655063151,-0.00026323127609641835,-0.0003956137650336325,0.09253508701254856,-0.01801938921444309,-0.09184654952322231
1643026911.5431335,0.014770984649658203,0.019989805587034087,0.017649459639001983,-0.013744244142324486,0.0004569398838807844,5.011487652532563e-05,-0.0005195070312743357,0.09254183646455919,-0.018018648968371215,-0.09185422315360665
1643026911.5490568,0.014770984649658203,0.019989805587034087,0.017649459639001983,-0.013744244142324486,0.0004569398838807844,5.011487652532563e-05,-0.0005195070312743357,0.09254183646455919,-0.018018648968371215,-0.09185422315360665
1643026911.5552366,0.014770984649658203,0.019989805587034087,0.017649459639001983,-0.013744244142324486,0.0004569398838807844,5.011487652532563e-05,-0.0005195070312743357,0.09254183646455919,-0.018018648968371215,-0.09185422315360665
1643026911.562225,0.015416860580444336,0.0,0.0,0.0,0.0003655519071046275,4.009190122026051e-05,-0.00041560562501946857,0.09254747212734593,-0.018018030877119697,-0.09186063048758403
1643026911.5682557,0.015416860580444336,0.0,0.0,0.0,0.0003655519071046275,4.009190122026051e-05,-0.00041560562501946857,0.09254747212734593,-0.018018030877119697,-0.09186063048758403
1643026911.5745797,0.015108585357666016,0.019999992698159136,-1.6835958791554427e-06,-1.7007030491790792e-05,0.0005946131225165363,3.204808422416037e-05,-0.0003327414521874405,0.09255645589046226,-0.018017546675903648,-0.09186565774021643
1643026911.580382,0.015108585357666016,0.019999992698159136,-1.6835958791554427e-06,-1.7007030491790792e-05,0.0005946131225165363,3.204808422416037e-05,-0.0003327414521874405,0.09255645589046226,-0.018017546675903648,-0.09186565774021643
1643026911.5860205,0.014712095260620117,-2.5510545737686187e-05,-0.005882002974375072,-0.02941770538674794,0.00047531518443418583,-6.089812070292862e-05,-0.0006989892457486457,0.09256344877273447,-0.018018442614856623,-0.09187594133658604
1643026911.5915587,0.014712095260620117,-2.5510545737686187e-05,-0.005882002974375072,-0.02941770538674794,0.00047531518443418583,-6.089812070292862e-05,-0.0006989892457486457,0.09256344877273447,-0.018018442614856623,-0.09187594133658604
1643026911.5975518,0.014910697937011719,-1.8690626370946236e-05,0.01569047557675611,-0.023533138907415343,0.00037997345726327794,0.0001852374452507272,-0.0009100869223571248,0.0925691144421798,-0.018015680595263865,-0.09188951136778173
1643026911.6033976,0.014910697937011719,-1.8690626370946236e-05,0.01569047557675611,-0.023533138907415343,0.00037997345726327794,0.0001852374452507272,-0.0009100869223571248,0.0925691144421798,-0.018015680595263865,-0.09188951136778173
1643026911.6102433,0.014910697937011719,-1.8690626370946236e-05,0.01569047557675611,-0.023533138907415343,0.00037997345726327794,0.0001852374452507272,-0.0009100869223571248,0.0925691144421798,-0.018015680595263865,-0.09188951136778173
1643026911.61596,0.014780521392822266,-2.635234367726391e-05,0.003923902472128008,-0.03137837304487297,0.00030358926443114955,0.00020618728063321798,-0.0011918582519474022,0.09257360164979736,-0.01801263303975154,-0.09190712765417185
1643026911.621835,0.014780521392822266,-2.635234367726391e-05,0.003923902472128008,-0.03137837304487297,0.00030358926443114955,0.00020618728063321798,-0.0011918582519474022,0.09257360164979736,-0.01801263303975154,-0.09190712765417185
1643026911.627198,0.014959573745727539,-0.009999996349079568,8.417979395777213e-07,8.503515245895396e-06,9.32757287038577e-05,0.0001649624174449305,-0.000953359392594503,0.0925749970149396,-0.018010165272302498,-0.09192138950431154
1643026911.6326642,0.014959573745727539,-0.009999996349079568,8.417979395777213e-07,8.503515245895396e-06,9.32757287038577e-05,0.0001649624174449305,-0.000953359392594503,0.0925749970149396,-0.018010165272302498,-0.09192138950431154
1643026911.6387062,0.014959573745727539,-0.009999996349079568,8.417979395777213e-07,8.503515245895396e-06,9.32757287038577e-05,0.0001649624174449305,-0.000953359392594503,0.0925749970149396,-0.018010165272302498,-0.09192138950431154
1643026911.6451592,0.01503610610961914,-1.7007030491790792e-05,-0.0039213353162500485,-0.019611803591165294,7.436486344800207e-05,7.300832004941175e-05,-0.0010575726738733734,0.09257611517291722,-0.01800906751145535,-0.09193729127925454
1643026911.6508083,0.01503610610961914,-1.7007030491790792e-05,-0.0039213353162500485,-0.019611803591165294,7.436486344800207e-05,7.300832004941175e-05,-0.0010575726738733734,0.09257611517291722,-0.01800906751145535,-0.09193729127925454
1643026911.6564786,0.01503610610961914,-1.7007030491790792e-05,-0.0039213353162500485,-0.019611803591165294,7.436486344800207e-05,7.300832004941175e-05,-0.0010575726738733734,0.09257611517291722,-0.01800906751145535,-0.09193729127925454
1643026911.6624749,0.01580023765563965,-8.503515245895396e-06,-0.0019606676581250242,-0.009805901795582647,5.935753319660816e-05,2.7427641077427594e-05,-0.0010009937178967682,0.09257705303604838,-0.018008634148207994,-0.09195310721788912
1643026911.6680977,0.01580023765563965,-8.503515245895396e-06,-0.0019606676581250242,-0.009805901795582647,5.935753319660816e-05,2.7427641077427594e-05,-0.0010009937178967682,0.09257705303604838,-0.018008634148207994,-0.09195310721788912
1643026911.673814,0.01580023765563965,-8.503515245895396e-06,-0.0019606676581250242,-0.009805901795582647,5.935753319660816e-05,2.7427641077427594e-05,-0.0010009937178967682,0.09257705303604838,-0.018008634148207994,-0.09195310721788912
1643026911.6797972,0.014440298080444336,0.0,0.0,0.0,4.748602655728653e-05,2.1942112861942076e-05,-0.0008007949743174146,0.09257773874842652,-0.018008317297557752,-0.09196467093601958
1643026911.6867394,0.014440298080444336,0.0,0.0,0.0,4.748602655728653e-05,2.1942112861942076e-05,-0.0008007949743174146,0.09257773874842652,-0.018008317297557752,-0.09196467093601958
1643026911.6925466,0.015724897384643555,-0.010010183460204618,0.017651985032820713,-0.013718733596586801,-0.00011942028646734453,0.00029512934356592326,-0.0008563616575075211,0.09257586087667617,-0.018003676418914982,-0.09197813713520803
1643026911.6988091,0.015724897384643555,-0.010010183460204618,0.017651985032820713,-0.013718733596586801,-0.00011942028646734453,0.00029512934356592326,-0.0008563616575075211,0.09257586087667617,-0.018003676418914982,-0.09197813713520803
1643026911.7052958,0.014537572860717773,0.020010179809284184,-0.01765282683076029,0.013710230081340905,0.00019536321775965687,-2.0525781397072722e-05,-0.000485775857261319,0.09257870098368866,-0.018003974813957567,-0.09198519913712694
1643026911.710991,0.014537572860717773,0.020010179809284184,-0.01765282683076029,0.013710230081340905,0.00019536321775965687,-2.0525781397072722e-05,-0.000485775857261319,0.09257870098368866,-0.018003974813957567,-0.09198519913712694
1643026911.71687,0.014537572860717773,0.020010179809284184,-0.01765282683076029,0.013710230081340905,0.00019536321775965687,-2.0525781397072722e-05,-0.000485775857261319,0.09257870098368866,-0.018003974813957567,-0.09198519913712694
1643026911.7224417,0.01566147804260254,-0.010001679944958724,0.019612652690945736,-0.003912831801004153,-3.505166393837078e-07,0.0002907425043587781,-0.0004499014151448787,0.09257869549408,-0.0179994213566095,-0.09199224525826157
1643026911.7281528,0.01566147804260254,-0.010001679944958724,0.019612652690945736,-0.003912831801004153,-3.505166393837078e-07,0.0002907425043587781,-0.0004499014151448787,0.09257869549408,-0.0179994213566095,-0.09199224525826157
1643026911.733724,0.01566147804260254,-0.010001679944958724,0.019612652690945736,-0.003912831801004153,-3.505166393837078e-07,0.0002907425043587781,-0.0004499014151448787,0.09257869549408,-0.0179994213566095,-0.09199224525826157
1643026911.7410371,0.014153242111206055,0.009982989318587777,-0.003922177114189626,-0.019620307106411192,0.0001410112515080498,0.0001770824811868652,-0.0006376120888891573,0.092580691260463,-0.01799691506537961,-0.09200126953652865
1643026911.747364,0.014153242111206055,0.009982989318587777,-0.003922177114189626,-0.019620307106411192,0.0001410112515080498,0.0001770824811868652,-0.0006376120888891573,0.092580691260463,-0.01799691506537961,-0.09200126953652865
1643026911.7535312,0.015964269638061523,0.009999996349079568,-8.417979395777213e-07,-8.503515245895396e-06,0.0002724516393027769,0.00014165254626020401,-0.0005102254235215827,0.09258504075189616,-0.017994653685936193,-0.09200941491276594
1643026911.7592685,0.015964269638061523,0.009999996349079568,-8.417979395777213e-07,-8.503515245895396e-06,0.0002724516393027769,0.00014165254626020401,-0.0005102254235215827,0.09258504075189616,-0.017994653685936193,-0.09200941491276594
1643026911.7668655,0.01391744613647461,1.8690626370946236e-05,-0.01569047557675611,0.023533138907415343,0.00021822143722799616,-0.00010504931168701032,-8.065914565113825e-05,0.0925880778369946,-0.017996115704073272,-0.09201053748208096
1643026911.772479,0.01391744613647461,1.8690626370946236e-05,-0.01569047557675611,0.023533138907415343,0.00021822143722799616,-0.00010504931168701032,-8.065914565113825e-05,0.0925880778369946,-0.017996115704073272,-0.09201053748208096
